gene,n_cra_sites
PLEC,161
MACF1,89
FLNB,81
MYOF,67
SYNE2,65
RNF213,61
UBR4,58
HUWE1,51
PRKDC,47
ZMYND8,46
EIF4G1,46
ADAR,45
GOLGB1,44
NR3C1,43
ZNF185,43
ZC3H14,41
MYH10,41
ITPR1,41
FLNA,40
IPO5,39
POGZ,39
ATRX,39
MSH6,38
DSP,38
FLII,37
EZH2,37
MMS19,36
ANKRD17,36
SMPD4,36
DST,35
ELP2,35
DCTN1,35
DHX30,35
POLR1B,35
NUP98,35
DYSF,34
UTRN,34
CNBP,34
HSPH1,33
MKI67,33
NVL,32
CTNND1,32
RRP12,32
TRIP12,32
TRRAP,31
CCT7,31
ANK3,31
PARP14,30
OPA1,30
CASK,29
RAD50,29
DNM1L,29
SVIL,29
CSDE1,28
PDXDC1,28
OGT,28
ARAP1,28
ANKRD28,28
TBC1D4,28
FLNC,28
PALLD,27
HK1,27
FDXR,27
SEC31A,27
TLE3,27
RBPJ,27
MYO1C,27
GLG1,27
NDUFS1,26
AKAP9,26
COPA,26
PRMT5,26
TRIOBP,25
ARHGEF7,25
MDN1,25
RANBP2,25
TP53BP1,25
DYNC1H1,25
RAI14,25
ZMYM4,24
BPTF,24
CDC42BPA,24
UNC45A,24
AP3D1,24
PCID2,24
TASOR,24
GNAI2,24
SRRT,24
WAPL,24
CAND1,24
PTPRS,24
MYH9,23
MARK2,23
LIMCH1,23
EFTUD2,23
PTK7,23
ELAC2,23
LARP4,23
BIRC6,22
FNDC3A,22
DIAPH3,22
LAS1L,22
SART3,22
PHF3,22
USP7,22
TOP2A,22
DNMT1,22
ACSF2,22
SPAG9,22
SPTAN1,21
SEPTIN9,21
FASN,21
UBE3A,21
ATP2A2,21
RAI1,21
GCN1,21
GBF1,21
TANC1,21
AGL,21
SMCHD1,21
AHCTF1,21
ACACA,20
KIF2A,20
ERBB2,20
ARHGEF2,20
MYCBP2,20
NAE1,20
CAMK2G,20
CAST,20
GTF3C1,20
SMAD3,20
CDK11B,20
SEC13,20
AGRN,20
CNOT1,20
DDX1,20
DHX40,20
CORO7,19
CLPB,19
TACC1,19
NSUN2,19
ATP2C1,19
EML4,19
RABGAP1L,19
EPB41L1,19
EP400,19
SPTBN1,19
MLST8,19
MCMBP,19
SPATS2L,19
KDM2A,19
HELZ2,19
PDIA6,19
PLS3,19
ANLN,19
HNRNPLL,19
RSF1,19
ITPR3,19
CDC16,19
STIP1,19
ITGAV,19
APAF1,19
AKAP12,18
MYH14,18
RCHY1,18
LRPPRC,18
LIMS1,18
LIG3,18
LSS,18
LPIN1,18
IGF2R,18
CLTC,18
HNRNPUL1,18
SEC24D,18
OGDH,18
EIF4G3,18
RTKN,18
CHD8,18
ANKFY1,18
SNRNP200,18
RASA1,18
GPS1,18
LONP1,18
MOB4,18
CAD,18
GOLGA4,18
TOP2B,18
THBS1,18
RAB3GAP1,18
PTPRD,18
POLR1A,18
BAZ1B,18
CORO1C,18
USP16,18
USP15,18
ECT2,18
DOCK7,18
OGA,18
AP2B1,18
AP2A2,18
OSBPL8,18
PARG,18
DIAPH1,17
PNPLA6,17
WDHD1,17
DLG5,17
LARS1,17
EZH1,17
INTS3,17
TRAF2,17
PITRM1,17
PDE4D,17
MYLK,17
PPP1CA,17
TNKS1BP1,17
TLN1,17
VARS2,17
USP9X,17
ALDH9A1,17
NUMB,17
UBE4B,17
RABGAP1,17
ENOSF1,17
TNPO1,17
USP48,16
ABR,16
VPS13C,16
VARS1,16
CARS1,16
TES,16
GMPS,16
UBA6,16
MICAL2,16
PTBP3,16
PTPRK,16
TNPO3,16
C2CD5,16
MYO18A,16
NUP188,16
TAX1BP1,16
CLASP1,16
CWF19L1,16
NUP160,16
NUP155,16
KDM5C,16
KIF21A,16
KMT2A,16
HARS1,16
SYNE1,16
LDLR,16
SMG1,16
GPT2,16
LTN1,16
CCT5,16
IFI16,16
RPS6KA1,16
ABCB8,16
BOD1L1,16
PBRM1,16
DMD,16
DDX17,15
CUL4B,15
NPEPL1,15
ATP1A3,15
PPA2,15
SEC24B,15
PARD3,15
PPP6R3,15
SHMT2,15
ATAD2,15
PRRC2C,15
PSMD2,15
PRMT1,15
PTPN6,15
PCM1,15
CENPF,15
MIA2,15
HK2,15
G6PD,15
CKAP5,15
NUP205,15
WDR1,15
PDCD11,15
TBCD,15
TARS1,15
BRCC3,15
BRCA1,15
CCT3,15
LRP1,15
MBD1,15
SON,15
UGDH,15
UBA1,15
FARSB,15
AFDN,15
RTN4,15
FDFT1,15
USP14,15
NUMA1,15
GTF2I,15
PKN2,15
PFKFB3,15
PAXIP1,15
DOCK9,15
ACOT7,15
SRPK1,15
CAPN2,14
PARN,14
CALCOCO2,14
ATP1A1,14
NIBAN2,14
PRPF6,14
ATM,14
DHX36,14
ZC3HAV1,14
ADAM15,14
HNRNPU,14
HNRNPR,14
HNRNPL,14
CELF1,14
SP100,14
IMPDH1,14
POLR2B,14
PFKM,14
ATP13A1,14
UBE3C,14
CDK5RAP1,14
GLYR1,14
GNL3,14
GSPT1,14
HDLBP,14
LIG1,14
CCT4,14
CASP1,14
RARS1,14
MCM3,14
METAP2,14
EPRS1,14
COMT,14
CASP8,14
ARHGEF12,14
CNOT10,14
COPB2,14
UACA,14
UBR1,14
FAM120A,14
TUBA4A,14
GRB7,14
GRB10,14
SUPT6H,14
SUN1,14
KIDINS220,14
KLC4,14
GBA,14
NUP85,14
DDX21,14
PI4KA,14
PCK2,14
WDR11,14
VWA8,14
ACIN1,14
ACTN4,13
PDHA1,13
SMAD2,13
USP24,13
ITPR2,13
BPNT1,13
EGFR,13
COPG1,13
COQ8A,13
FLYWCH1,13
ORC3,13
PKM,13
EIF3D,13
HERC4,13
KIF2C,13
CDK11A,13
LRBA,13
HECTD1,13
ITGB4,13
DBN1,13
FBXL20,13
TPI1,13
PSMD6,13
FLAD1,13
ABCC1,13
PPP2R1B,13
BAZ1A,13
DDX24,13
AP1B1,13
NAT10,13
NAV2,13
SP110,13
XRN2,13
SHC1,13
SORT1,13
EPPK1,13
ESYT2,13
THOC2,13
AKAP13,13
INTS4,13
ACSL4,12
WIPI2,12
ACOT9,12
STRBP,12
LIMK1,12
CHEK2,12
AMPD2,12
KNL1,12
KDM2B,12
VDAC2,12
SRCAP,12
KIF15,12
ISYNA1,12
GNAS,12
INPP5D,12
ILK,12
RIPOR1,12
KLC1,12
DSTN,12
PFKP,12
PDLIM7,12
LAP3,12
ITPRID2,12
SYTL2,12
TBC1D2,12
GAPVD1,12
CLASP2,12
USP10,12
DYNC1I2,12
SCFD1,12
GEMIN5,12
DDX19B,12
DDX5,12
PLCB3,12
PNKP,12
OSBPL9,12
NUP93,12
ZNF106,12
ZMIZ2,12
DIS3,12
PHF6,12
DCAF1,12
DHX9,12
ATF7IP,12
NLRP2,12
NIT1,12
CTNNA1,12
PPP6R2,12
ZC3H7A,12
MYO19,12
NBAS,12
NADSYN1,12
MSH2,12
CAMK2D,12
CAMSAP2,12
PRKRA,12
OGDHL,12
TNS3,12
THADA,12
PTPN12,12
FAM111B,12
TRIP11,12
U2SURP,12
UIMC1,12
TMLHE,12
UBA3,12
UBE2O,12
MADD,12
MAP7D3,12
SACS,12
AHCYL2,12
PTK2,12
QARS1,12
TRIO,12
TRMT1L,12
NKRF,12
ATIC,12
CUL2,12
ZMYM3,12
DDX58,12
ANO6,12
HSD17B4,12
HSP90AA1,12
SHTN1,12
IDH2,12
THOC6,12
TRPS1,12
CDYL,12
TUBA1A,12
RALGAPB,12
ERCC2,12
EHMT2,12
EEF2,11
WDR48,11
USP34,11
ZC3HC1,11
NUP107,11
ACLY,11
WDR59,11
PDCD6IP,11
ECPAS,11
MAP1B,11
LMNA,11
ARHGEF1,11
RPRD2,11
CCT8,11
HERC2,11
ANKHD1,11
ANKLE2,11
HCFC1,11
KDM1A,11
SRP68,11
KDM3B,11
KIF23,11
CHAF1A,11
APPL2,11
SDHA,11
UBA2,11
MCM3AP,11
MET,11
GNPAT,11
TMEM209,11
TP53,11
RAP1GDS1,11
EIF3C,11
INTS7,11
ITGA6,11
CDK5RAP2,11
AFAP1L2,11
TTC37,11
TXNIP,11
TXNRD2,11
FANCI,11
PSME4,11
GNE,11
CHTF18,11
SPTBN2,11
APBB2,11
FKBP8,11
FKBP9,11
FNDC3B,11
RXRB,11
TUBA1B,11
MTO1,11
BOP1,11
MKLN1,11
PRORP,11
PRKD2,11
PAICS,11
AP2A1,11
SHMT1,11
OSBPL1A,11
PPFIA2,11
POP1,11
PFKFB4,11
POLR2A,11
ACTN1,11
ZNF462,11
ACAD8,11
VAV2,11
ZNF638,11
ZNF598,11
ZNF618,11
ACADVL,11
AARS1,11
CSE1L,10
DDX3Y,10
BCAT1,10
VPS51,10
DICER1,10
PDLIM5,10
PFKL,10
PDS5A,10
CTR9,10
SMU1,10
PHKB,10
CYFIP1,10
POLD1,10
PPL,10
PPME1,10
NR2C2,10
PPP2R5C,10
PSMC2,10
NDRG3,10
NRDC,10
NSD2,10
PPFIBP1,10
NDUFV1,10
ODR4,10
PRPF4,10
PRKCD,10
INPPL1,10
STK39,10
HLTF,10
SOGA1,10
SRBD1,10
EPS15,10
ANXA7,10
AP1G1,10
SCP2,10
ALDOA,10
SMARCA1,10
TBC1D15,10
GFPT1,10
CASP5,10
PTCD3,10
NCAPG2,10
MYO5B,10
PREX1,10
MPP1,10
MON2,10
CHORDC1,10
GPATCH8,10
SPECC1,10
INTS1,10
EPB41,10
COPB1,10
EPS8L2,10
RAP1GAP,10
IARS2,10
ANXA6,10
RRP1B,10
SCAF11,10
RRBP1,10
ZNF687,10
STX16,10
HARS2,10
HBS1L,10
LENG8,10
ARHGEF10,10
KIAA0100,10
KLC2,10
LIMS2,10
LYN,10
CLK1,10
DCTN4,10
TXNDC5,10
ADK,10
KCNMA1,10
KPNB1,10
RGPD5,10
LARP1,10
LCP1,10
MAP1S,10
EEFSEC,10
LDHA,10
XRN1,10
XPO5,10
CRBN,10
GTF3C4,10
ST7,10
STAU2,10
PCCA,10
EDC4,10
USP47,10
PDCD4,10
DUS3L,10
ACSL5,10
URI1,10
DCAF6,10
DDX3X,10
ABCF1,10
DENND4C,10
CPSF4,10
ABCC3,10
TRAPPC9,10
MYBBP1A,10
CAP1,10
RIF1,10
UAP1L1,10
RGPD8,10
AIFM1,10
ARFGEF1,10
RNH1,10
MDC1,10
EXOC7,10
MCM5,10
MCRS1,10
TGM2,10
FECH,10
RANBP10,10
ASCC3,10
VPS35,10
NCOA4,10
SF3B3,10
PXN,10
POLR3E,9
DNAJC13,9
PIP5K1A,9
POLD3,9
DARS2,9
PIGT,9
NASP,9
NCAPD2,9
NCDN,9
MYO6,9
MYO1B,9
PRKACB,9
GNB2,9
NAV1,9
GLUD1,9
IPO4,9
TANGO2,9
TAF6,9
UBR5,9
TBL2,9
GMPR2,9
APP,9
INTS14,9
STRN,9
HSPG2,9
HSPBP1,9
ELMO3,9
NOL10,9
EML2,9
GPD2,9
COG4,9
NFS1,9
UBE2V1,9
VCL,9
MTA1,9
ERI3,9
PPP6C,9
ATP6V1A,9
HEATR1,9
SMARCA5,9
SMARCAD1,9
HKDC1,9
ANKS1B,9
COQ8B,9
DARS1,9
PHC2,9
PFAS,9
PCCB,9
ZC3H3,9
ZZEF1,9
CUL3,9
DNAJC7,9
PML,9
PAIP1,9
C12orf29,9
BZW1,9
ANAPC5,9
STXBP2,9
NF1,9
NUP153,9
NSF,9
PSMD1,9
BUB1B,9
NDOR1,9
NDRG1,9
NCOA7,9
BTAF1,9
BRF1,9
NFAT5,9
HIP1,9
ACAA1,9
ACAP3,9
ZNF512,9
BAZ2A,9
RHPN2,9
GAK,9
GART,9
RGPD4,9
FBXO38,9
ROCK2,9
ARID1A,9
MCM6,9
MDH1,9
RBM28,9
ESYT1,9
UPF1,9
ASMTL,9
MTREX,9
RB1CC1,9
RTN3,9
VPS13A,9
CASP7,9
PYGB,9
SEC16A,9
SH3GL1,9
IKBKG,9
SEC24C,9
RAB3IP,9
MATR3,9
MARK3,9
MICAL1,9
METTL3,9
PPP4R2,9
SDE2,9
SLC4A7,9
JUP,9
SAMHD1,9
CLUH,9
MLH1,9
MIB2,9
TRMT2A,9
TADA2B,9
AHNAK2,9
MAP7D1,9
FRMD8,9
CDK5RAP3,9
LNPEP,9
TPP2,9
EFL1,9
LEMD3,9
MAP4K3,9
IRF2BP2,9
AIMP2,9
DCAF5,9
URB1,9
XPO7,9
SSH3,9
GTF3C5,9
DHX57,9
STUB1,9
CREM,9
CTBP2,9
GTPBP4,9
CTPS1,9
ZMYND11,8
ZMIZ1,8
DHX29,8
DGLUCY,8
DDX39B,8
ZNHIT6,8
ABCF3,8
HDAC3,8
HACL1,8
STAG2,8
GSK3B,8
CREBBP,8
EEF1D,8
EEF1G,8
ECI2,8
URGCP,8
ACOX1,8
WWP2,8
EEF1AKNMT,8
XPNPEP1,8
XPO1,8
WNK1,8
WDR7,8
WDR41,8
YTHDC2,8
XRCC5,8
ABCC5,8
UHRF1,8
CD46,8
CCT6A,8
CCT2,8
KIAA1217,8
CDCP1,8
CDC42BPB,8
KNTC1,8
RDH11,8
MAP4K4,8
MAP2K3,8
MAP2K4,8
KIF20A,8
RNGTT,8
LLGL1,8
MARS1,8
GALK2,8
RPS6KA5,8
CDK5,8
CDK12,8
IRF2BPL,8
CKMT1A,8
FSCN1,8
FTO,8
GALK1,8
FCHO2,8
TOMM70,8
TMPO,8
RECQL,8
RECQL5,8
TMEM214,8
TLE4,8
QTRT2,8
RHOT1,8
RGPD3,8
RPL11,8
CNN2,8
FBXO11,8
FASTKD2,8
EXOC5,8
RNF31,8
AHCY,8
AHCYL1,8
AGPS,8
EXOC1,8
ETFDH,8
MCTS1,8
TRIM47,8
TRIM33,8
RCC2,8
MDH2,8
RAP1B,8
RACK1,8
ARID1B,8
RCC1,8
ASNS,8
RARG,8
RAPGEF1,8
ARNTL2,8
ARPC1A,8
RAB11FIP1,8
TJP2,8
SLC35B2,8
SLC25A12,8
SLC12A4,8
SH3BP4,8
IMMT,8
CENPV,8
IARS1,8
ANXA2,8
SLFN5,8
SCAF4,8
KARS1,8
JARID2,8
JAK1,8
SAFB,8
VPS16,8
PUS1,8
PUM1,8
PTPRF,8
PTPRG,8
ASPH,8
PRC1,8
NDC1,8
PTPRA,8
MEPCE,8
NCBP1,8
RPTOR,8
ALDH5A1,8
ALDH7A1,8
GOLGA2,8
GNAI1,8
SMC1A,8
TCOF1,8
TCP1,8
GMDS,8
INF2,8
TBL3,8
TBCE,8
TBC1D13,8
TASOR2,8
ANXA11,8
IPO7,8
NR2F2,8
ADARB1,8
UGGT1,8
UBR3,8
UBE4A,8
ELMO1,8
EIF3A,8
VPS35L,8
COBLL1,8
VPS13D,8
USP9Y,8
UTP20,8
ENO3,8
NIPBL,8
NFXL1,8
NGLY1,8
GPX4,8
GPHN,8
STK24,8
HSPA4L,8
HSPA4,8
HNRNPUL2,8
SQSTM1,8
SRC,8
HNRNPA3,8
ANK2,8
HEATR3,8
CHD3,8
CERT1,8
OAS3,8
NEK6,8
NEK9,8
NELFB,8
NEDD1,8
NEDD4L,8
NOL6,8
ATG7,8
ATG9A,8
NUP50,8
NT5C3A,8
POLRMT,8
POLR3B,8
ANK1,8
POLA2,8
PPP2CA,8
PAK4,8
OSBP2,8
POLA1,8
PLOD2,8
PKP3,8
AURKB,8
AXL,8
ATXN10,8
PARP9,8
CPEB2,8
PHIP,8
SMS,8
SMC5,8
PHF14,8
CYP51A1,8
DAB2IP,8
PDHB,8
CTNNA2,8
CTNNB1,8
BAG5,8
PARP2,8
PGK1,8
PGM3,8
PEPD,8
DLG1,8
CRYBG1,8
ACADSB,8
AAAS,8
CUL1,7
CUL4A,7
PDE12,7
PDE4A,7
PC,7
PARP4,7
WDR43,7
VPS53,7
VPS8,7
DNAAF5,7
CPNE3,7
CPSF1,7
DLD,7
DHX15,7
DECR2,7
ABCG1,7
DAXX,7
GYS1,7
GSR,7
SUGP2,7
STARD13,7
HUS1,7
HSPA1A,7
HNRNPM,7
HMGCL,7
ANKRD50,7
SNX27,7
SMARCC1,7
CHD9,7
CHD6,7
GOT2,7
CIT,7
CIAPIN1,7
GNL3L,7
GCC2,7
ALDH6A1,7
ALDH1L2,7
ALDH2,7
ALDH16A1,7
AKT1,7
TACC2,7
IQGAP1,7
ILVBL,7
IL32,7
AP2M1,7
SEPTIN10,7
SEC23A,7
JMJD1C,7
ITSN2,7
IVNS1ABP,7
SCML2,7
APTX,7
AQR,7
APIP,7
RUFY1,7
RRAS2,7
ITPA,7
ITCH,7
CLIP1,7
CLCC1,7
FUBP3,7
FXR1,7
FYCO1,7
FN1,7
AKAP1,7
TOE1,7
FBXO7,7
RGPD1,7
RGPD2,7
RFC1,7
RFC2,7
LAMA5,7
KTN1,7
KPNA6,7
KIFC1,7
KIF4A,7
KIF1B,7
KDM3A,7
MAEA,7
MAD1L1,7
LRRFIP1,7
ARFGEF2,7
ARFRP1,7
RO60,7
ROCK1,7
RIN1,7
CNTNAP1,7
FAT1,7
FAM76A,7
EVPL,7
EXD2,7
ETFA,7
TXNRD1,7
AGO2,7
TUT7,7
TRIM28,7
ADPGK,7
MCCC2,7
MCF2L,7
MAT2B,7
MBNL1,7
RBM39,7
ARL6IP4,7
ARMC8,7
ARHGEF40,7
ARHGEF28,7
RANBP9,7
RAC1,7
MITF,7
MICALL2,7
PYCR3,7
PWP2,7
PUS7,7
CARMIL1,7
MED14,7
MED1,7
PRKCI,7
PPWD1,7
C8orf82,7
NCAPD3,7
MYO1D,7
MYH11,7
MTHFD1,7
MSTO1,7
MTA2,7
MRPL38,7
MPRIP,7
UFL1,7
UBR2,7
UBE2Z,7
U2AF1,7
EIF2B3,7
VPS11,7
NIBAN1,7
NHLRC2,7
PSMD13,7
PSMA6,7
PRPF8,7
PRPS1,7
PRODH,7
BRD2,7
NUBP1,7
NUDCD1,7
NSUN4,7
PPP4R3A,7
ATP2B4,7
ATP13A2,7
PPP2R2B,7
NPEPPS,7
PAF1,7
PAFAH1B1,7
PMPCB,7
PMS1,7
PLXNB2,7
PMPCA,7
PLOD1,7
PLCG1,7
PITPNM1,7
PIKFYVE,7
PIK3C2A,7
PIK3CA,7
NXT2,7
URB2,7
CPD,7
COPS3,7
DPYSL3,7
XPOT,7
ACSL1,7
XPC,7
WRNIP1,7
WDR36,7
DDB2,7
ZMYM2,7
ZNF280C,7
NELFCD,6
ZEB1,6
NAA15,6
ZFYVE26,6
ABCB1,6
NCAPH,6
NCEH1,6
CUL7,6
CXXC1,6
ZYX,6
RABEPK,6
CNP,6
SUPT5H,6
SUPV3L1,6
FKBP10,6
CMSS1,6
TAF5,6
TACC3,6
FCSK,6
FEN1,6
TCEA1,6
MCAM,6
TAGLN2,6
FBXL12,6
STRAP,6
STK25,6
FOXRED1,6
MCM7,6
IMPDH2,6
ILKAP,6
ARMC6,6
KDM5D,6
YARS1,6
XPO6,6
DAP3,6
CROT,6
DDB1,6
ACSL3,6
ACSS1,6
CEBPB,6
ISCU,6
DAPK1,6
CYHR1,6
WDR26,6
WDR3,6
KANK1,6
RBM15,6
ARID2,6
RBBP4,6
IFRD1,6
CEP41,6
RETSAT,6
WDR81,6
WWP1,6
DDX31,6
WDR4,6
KIAA1522,6
PYCR1,6
NOP2,6
NOP56,6
BTD,6
WDR77,6
CDK16,6
IRF2BP1,6
KIF13B,6
PXK,6
PLAA,6
STRN4,6
SUN2,6
SUPT16H,6
ALG1,6
PITPNB,6
STXBP3,6
FBXL6,6
PHC3,6
PHF12,6
PIK3R4,6
TBL1X,6
TBL1XR1,6
BCKDHB,6
CLTCL1,6
CMAS,6
SRP72,6
SRPK2,6
SRPRA,6
MARK1,6
PLEKHA5,6
DDX51,6
RIC8A,6
DDX42,6
DENND2B,6
DDX6,6
DDX46,6
DHCR24,6
DGKA,6
DGKZ,6
DHX8,6
DDR1,6
DDX41,6
RCC1L,6
INTS6,6
RMDN2,6
INTS13,6
DDX19A,6
DDX20,6
CLCN3,6
CLCN7,6
SRRM2,6
STAT6,6
CLIC1,6
FUBP1,6
PFKFB1,6
FAM91A1,6
GALE,6
MED23,6
AKR1C3,6
TCF7L2,6
TECPR1,6
ALDH1L1,6
TDRD7,6
SPTLC1,6
GAPDH,6
SPTLC2,6
DHX37,6
DHX38,6
WDFY1,6
WDFY3,6
MTMR2,6
C11orf68,6
MUTYH,6
WARS1,6
VRK2,6
KMT2D,6
PUF60,6
PUM2,6
RNF14,6
IGF2BP3,6
PTPRE,6
PTK2B,6
CDCA2,6
KMT2B,6
RPAP3,6
RNPEP,6
CELF2,6
IDH3A,6
RNF40,6
MTR,6
KLC3,6
KIF5B,6
CPOX,6
VAV1,6
MTF2,6
DHRS7,6
DHTKD1,6
VCAN,6
VPS39,6
VCP,6
PNKD,6
PLEKHG5,6
FSTL1,6
MED24,6
TH,6
THOC1,6
ATP9A,6
PLRG1,6
ESRP1,6
THOC5,6
THOP1,6
PEX6,6
PGD,6
MEN1,6
METAP1,6
HNF4A,6
ARHGAP12,6
ARHGAP18,6
ARHGAP27,6
USP3,6
USP4,6
UTP14A,6
DIP2B,6
DIS3L2,6
DNAJC11,6
CRLF3,6
USP5,6
RPA2,6
DLGAP5,6
DMAC2,6
ETHE1,6
TIMM50,6
FAH,6
TFAP2A,6
TK2,6
EXOSC10,6
BAG1,6
ATR,6
ATXN2,6
GDI2,6
GCAT,6
MACROH2A1,6
ANKIB1,6
SNX6,6
ERCC3,6
MACROD1,6
PCNT,6
PCYOX1,6
AIMP1,6
GFM1,6
PDE4DIP,6
MIA3,6
TONSL,6
GIT1,6
GHDC,6
GIGYF2,6
AFAP1,6
RPS6KB1,6
RPS3,6
UHRF2,6
UQCRC1,6
NSD3,6
NUP210,6
NUDT4,6
NT5DC1,6
CAMSAP1,6
CAPN1,6
ARFGAP1,6
HSDL2,6
ARCN1,6
RPS12,6
HSP90AB1,6
NSD1,6
SND1,6
GLB1,6
SNRPN,6
SMARCD2,6
PPIP5K2,6
AP3B1,6
SMC6,6
SMARCA4,6
SLK,6
GLOD4,6
PCBP1,6
PCBP2,6
BCOR,6
BDH1,6
LUC7L2,6
COG1,6
BRAT1,6
NUP35,6
CHD4,6
RTEL1,6
RUFY2,6
RSBN1L,6
UBTF,6
ADGRE5,6
DSC2,6
DPYSL2,6
BRAP,6
ATF2,6
DTX3L,6
PSMD12,6
HP1BP3,6
HMGCR,6
HMGCS1,6
PSMC5,6
PPIG,6
PPFIBP2,6
PPIA,6
SLFN11,6
SLC27A2,6
SLC25A25,6
PPP1CB,6
PPP1CC,6
TRAPPC8,6
TRAF7,6
PARP1,6
EML3,6
ENO1,6
SLC27A1,6
MON1B,6
TREX1,6
RUVBL2,6
RXRA,6
HELZ,6
HECTD4,6
U2AF2,6
HAUS8,6
SAMM50,6
BRPF1,6
AHNAK,6
EED,6
CHAMP1,6
HIRA,6
RRM1,6
NUSAP1,6
MSL3,6
SLC1A5,6
SLC12A6,6
SLC25A13,6
ANXA4,6
ELMO2,6
PPP2R1A,6
MKRN2,6
MPG,6
MORC2,6
PPP2R5E,6
PATJ,6
PAN3,6
PAPSS2,6
TUT4,6
BRD7,6
ODF2,6
SEPTIN11,6
OPLAH,6
OTUD4,6
OTUD6B,6
AGAP1,6
OSBPL2,6
COPG2,6
SCYL1,6
SCRIB,6
SBNO1,6
SARS2,6
PRMT3,6
PRMT7,6
PRMT9,6
SCRN1,6
PRKAA1,6
CCN1,6
PRKCQ,6
SF3B1,6
GRK2,6
GSTM3,6
EIF3CL,6
PA2G4,6
PACS2,6
TTLL12,6
EIF5B,6
EIF2D,6
TUBA1C,6
TUBA8,6
EIF2S2,6
EIF2A,6
GTF3C2,6
SELENOO,6
PREP,6
SEC23B,6
PRDM2,6
PRDX5,6
NCK1,6
ACAD11,6
ZNF7,6
ZNF791,6
NCKAP1,6
ZW10,6
ZNF451,6
CTBP1,6
MAT2A,6
PHF8,6
PHGDH,6
MCCC1,6
MCM2,6
MCM4,6
FKBP15,6
ANAPC7,6
FHL2,6
FHOD1,6
ALKBH5,6
DCAF13,6
ARID4B,6
NFKB1,6
NFKB2,6
NAPRT,6
NARF,6
ZBTB7B,6
ARRB2,6
ARNT,6
RASA3,6
RANGAP1,6
NFU1,6
NFATC2,6
RABGGTA,6
ASCC2,6
RAB29,6
CDC25C,6
AASS,5
ASB9,5
ASPSCR1,5
ACAP2,5
CDC23,5
RAE1,5
NFX1,5
NISCH,5
NARS2,5
ZC3H11A,5
ZFC3H1,5
ZCCHC8,5
DBNL,5
ZC3H7B,5
KAT2A,5
KAT7,5
SYMPK,5
SYNCRIP,5
ANAPC4,5
FLT1,5
PIAS2,5
ZRANB2,5
NBEA,5
NBEAL2,5
NDUFA10,5
NCOR2,5
ACAD9,5
ZNF845,5
ABCF2,5
CDKAL1,5
YAP1,5
DCUN1D4,5
NMD3,5
RBM4,5
RBM22,5
IRS1,5
FMR1,5
RERE,5
RDH10,5
IFT27,5
RECQL4,5
RBM14,5
IQGAP3,5
ISOC2,5
RBL2,5
QTRT1,5
MYO9B,5
MX1,5
NOMO2,5
DDX39A,5
WDR75,5
KIAA1671,5
CDCA7,5
PHF1,5
PHF10,5
PIK3R1,5
PIGK,5
PIK3CB,5
IRF3,5
KIF1A,5
QRSL1,5
CHD7,5
PRKAG1,5
PRKAR2A,5
CIAO1,5
MOCOS,5
EIF3I,5
EIF3J,5
EIF3M,5
EDC3,5
EEF1A1,5
CES1,5
HAUS6,5
HADHA,5
HAT1,5
SAFB2,5
SAMD9,5
SH3D19,5
SGPP1,5
MTCH1,5
NXF1,5
MSI2,5
UAP1,5
TYK2,5
UBE2E1,5
TRPM4,5
EIF4G2,5
TRIM24,5
TRIM25,5
PPP2CB,5
LRRC41,5
LONP2,5
SINHCAF,5
PRRC2B,5
LMCD1,5
PPOX,5
TOPBP1,5
TOR1AIP1,5
ERAP2,5
PCIF1,5
COG2,5
LARP4B,5
ASXL2,5
DYNC1LI2,5
DTL,5
DUS1L,5
DUSP4,5
NSUN5,5
PSMC1,5
GNPNAT1,5
GOLGA3,5
PPHLN1,5
HNRNPH1,5
HNRNPH2,5
HNRNPK,5
LANCL1,5
LARP1B,5
TRIM16,5
TRAPPC11,5
EPB41L2,5
GLS,5
SLC27A3,5
SLC38A9,5
CHID1,5
CHML,5
SMC2,5
GGNBP2,5
PORCN,5
POU2F1,5
PON2,5
POLR3A,5
POLR1E,5
MICALL1,5
USP19,5
UPP1,5
UPF2,5
DOCK6,5
DPP3,5
ARHGAP35,5
RPS8,5
HPS4,5
GFM2,5
ARAP3,5
HSPA9,5
MTHFD1L,5
NSUN5P2,5
NRG1,5
UMPS,5
USO1,5
PBK,5
BMS1,5
BCR,5
SMC4,5
SMARCA2,5
GNB1,5
SMURF2,5
SNTB2,5
EWSR1,5
ESD,5
PDIA3,5
PDS5B,5
PDXK,5
PDLIM1,5
ATG4B,5
PTGES3,5
ANO1,5
GATD1,5
TKT,5
FAF2,5
EXOSC8,5
TLN2,5
TK1,5
TIMELESS,5
ERP44,5
ERCC6L,5
PNPLA8,5
MAK16,5
SORD,5
ANP32E,5
SNX9,5
GEMIN4,5
TOP1,5
MFN1,5
MFN2,5
METTL2A,5
TNRC6A,5
EPHB2,5
COMTD1,5
ERCC5,5
TFCP2,5
THUMPD3,5
PLEKHG3,5
BABAM1,5
MAP3K20,5
PLIN3,5
SPG21,5
FRYL,5
PEX5,5
PELP1,5
PES1,5
MELTF,5
PFKFB2,5
ESRP2,5
ETF1,5
THOC3,5
VGLL4,5
ACTL6A,5
ACTR10,5
KPNA1,5
KPNA2,5
KPNA4,5
ATF7,5
PEX11B,5
PSMG1,5
CEBPZ,5
DLGAP4,5
UTP15,5
CPSF3,5
CRAT,5
CRELD2,5
USP8,5
WAC,5
WASHC2C,5
VTA1,5
ADAM10,5
DIDO1,5
DHRS4,5
SRGAP2,5
SPATA13,5
RHOF,5
RHOA,5
IFT80,5
IGF1R,5
KLHL13,5
KLHL36,5
PTPN11,5
PTPN3,5
CPT1A,5
NRBF2,5
NPC1,5
RPL12,5
KIFBP,5
RPE,5
RNMT,5
RHOC,5
DHX16,5
VAC14,5
VPS18,5
VDAC3,5
CPT2,5
CPSF2,5
VAT1,5
MTFR1,5
RIPK1,5
RHOT2,5
CC2D1B,5
PLCB4,5
PLD1,5
CLTA,5
TBCB,5
TARS2,5
DDX10,5
DDX11,5
DFFB,5
NOP58,5
DDX50,5
DDX54,5
DDX55,5
WASHC5,5
FAM98C,5
FANCD2,5
CLK3,5
SSH1,5
RELA,5
INTS11,5
DHRS1,5
CSNK1G3,5
SPATA5,5
SPOUT1,5
CASP6,5
CASP9,5
FARP1,5
ALCAM,5
ALDH18A1,5
PGM2L1,5
ZFPL1,5
ZFR,5
ZFYVE16,5
CTDP1,5
ABHD16A,5
ABCE1,5
NEURL4,5
GSTO1,5
ZNF592,5
ZNF609,5
NEDD4,5
CXorf38,5
ZNF28,5
ZNF217,5
CTCF,5
CUX1,5
TAP2,5
FAM76B,5
CNOT2,5
CNN3,5
SYNRG,5
FNBP1,5
ABCB4,5
RABGEF1,5
STK26,5
FPGT,5
MBNL2,5
MBNL3,5
TAOK1,5
TAF1C,5
FBLIM1,5
MAVS,5
PPP3CB,5
ATP2A3,5
ATP5F1A,5
MORC3,5
PALD1,5
TRMT1,5
TRIM4,5
TRIM56,5
SCAF1,5
AFG3L2,5
OSBPL3,5
OAS2,5
NUP88,5
SATB2,5
GULP1,5
PPP2R5D,5
LIMA1,5
LIMK2,5
PPP5C,5
SGK1,5
PRKN,5
APOBEC3B,5
SDCCAG8,5
SBF1,5
TUBB3,5
EIF2S3,5
TSFM,5
EIF3B,5
EIF2AK4,5
EIF2B5,5
OXCT1,5
LLGL2,5
ABCB6,4
NF2,4
NEIL2,4
NEK7,4
NAGK,4
NAMPT,4
NAP1L1,4
NAA25,4
NABP1,4
NAA16,4
CTH,4
CTNNBL1,4
CXorf56,4
ZNF189,4
ZGPAT,4
ZNF417,4
ZNF318,4
ZNF12,4
DCLRE1C,4
ZNF808,4
ACACB,4
YTHDF2,4
YWHAE,4
DCAF8,4
ZCCHC3,4
ZC3H13,4
ZBTB21,4
ZFAND6,4
ZCCHC9,4
IQGAP2,4
ARHGEF18,4
ARIH1,4
JADE1,4
RAD1,4
KAT6A,4
DAZAP1,4
DCAF7,4
RBCK1,4
RASAL2,4
RB1,4
ITGB8,4
ITGA2,4
RBM12B,4
ARHGEF16,4
RBBP7,4
YES1,4
WDR20,4
WDR33,4
DDX23,4
IMPACT,4
ITGA3,4
CDKN2AIP,4
RARA,4
TARDBP,4
TARS3,4
TATDN1,4
TBC1D1,4
TCEA2,4
TBCK,4
TBP,4
TBC1D2B,4
PGP,4
BCCIP,4
BCKDHA,4
BANP,4
BARGIN,4
CMPK2,4
TBC1D5,4
TBC1D9B,4
ALG2,4
ALG5,4
SUPT20H,4
PIAS1,4
MAPRE2,4
PLAU,4
BBX,4
BAIAP2,4
STIM2,4
FOXK1,4
FOXP1,4
FOXP2,4
STXBP5,4
SUCLA2,4
STT3A,4
STRN3,4
ALAD,4
MECR,4
MED13,4
MED17,4
ME1,4
CASP4,4
CARM1,4
BBS9,4
FASTK,4
FASTKD1,4
FAM98B,4
TCERG1,4
TCF12,4
ALDH1A1,4
ALDH1A3,4
AKT1S1,4
SRPRB,4
SRSF3,4
STEAP3,4
STAT1,4
STAT3,4
CLMN,4
CLP1,4
CLIC4,4
FAM83H,4
PKP2,4
PLEKHA2,4
PLCD1,4
FXR2,4
FZD6,4
SRPK3,4
CLEC16A,4
PGM1,4
PDPR,4
PDE4B,4
CBLL1,4
PDLIM2,4
EXOC8,4
EVI5,4
ESCO2,4
THEM6,4
TGFBR2,4
CBFA2T2,4
CBL,4
METTL16,4
PEX19,4
PEG10,4
MECOM,4
MALT1,4
MAN2C1,4
MAOB,4
MAPK1,4
MAPK10,4
PLK1,4
FAM122B,4
THAP12,4
SPINT2,4
GAS7,4
SQOR,4
SPG11,4
SPHK2,4
FRMD6,4
MAP2,4
MAP2K1,4
ERCC8,4
TOP1MT,4
TOMM34,4
TNFAIP2,4
AIFM2,4
AK2,4
METTL2B,4
MICAL3,4
SP140L,4
ANKRD52,4
MACO1,4
PODXL,4
POLDIP3,4
MAGI1,4
ERBB4,4
TNK2,4
GCDH,4
GATM,4
SORBS3,4
ANO10,4
ANKRD27,4
SNX4,4
SPAG1,4
SP140,4
EXOSC9,4
TJP1,4
TMEM94,4
TMEM30A,4
TEX264,4
TFAP2C,4
TEP1,4
ATP6V1H,4
GNB4,4
GNL1,4
GNL2,4
GNA13,4
SMARCC2,4
SMAD4,4
AP3M1,4
LRRFIP2,4
GK,4
GBA2,4
SNRNP40,4
SNRPD2,4
SMYD3,4
GMEB1,4
GMIP,4
GMPPB,4
POF1B,4
PPFIA4,4
POR,4
GGPS1,4
GGA3,4
GLCCI1,4
GGCX,4
SMTN,4
MICU1,4
MID1,4
PDLIM4,4
PDP1,4
POM121,4
POM121C,4
POLR1G,4
POLG2,4
TPM4,4
TPMT,4
TOPORS,4
PPM1G,4
PPIH,4
PPP1R12A,4
PPP1R18,4
SLC27A4,4
AKAP8L,4
COG7,4
COG8,4
COIL,4
COL4A5,4
AKR1C1,4
AK6,4
EML1,4
BICRA,4
PCYT2,4
BMP2K,4
COBL,4
EPS8,4
EPS8L3,4
ERAP1,4
AKAP17A,4
LRRC42,4
LRRC47,4
LRRC59,4
LUC7L3,4
LUZP1,4
LYPD1,4
LTBR,4
LTF,4
MKRN1,4
PBXIP1,4
SHPRH,4
SH3GLB2,4
GPATCH4,4
CIB1,4
SIN3A,4
SIPA1L3,4
EIF5,4
EIF5A,4
EIF3K,4
TRIM11,4
MOGS,4
MLPH,4
MLYCD,4
MIPEP,4
EP300,4
EMSY,4
EMC8,4
TRAP1,4
TPX2,4
TRA2B,4
TRABD,4
ENO2,4
SLC25A3,4
SLC25A4,4
SLC3A2,4
SLC25A5,4
SLC25A6,4
SLC26A6,4
AP1G2,4
SLFN13,4
PAN2,4
MRPL10,4
MRC2,4
PARP12,4
PARS2,4
MIOS,4
PPP2R2A,4
LETM2,4
ELP3,4
TRIP6,4
TRIT1,4
TRIM41,4
TRMT10C,4
TRMT2B,4
MRE11,4
PAK3,4
LPCAT1,4
PPP1R9A,4
LRRC40,4
ATP11A,4
ATP13A3,4
ATP1A2,4
TRIM3,4
ELP1,4
SIRT5,4
SKIV2L,4
GPD1L,4
SLC25A20,4
SLC12A8,4
LPXN,4
LRCH1,4
LRCH4,4
TUBAL3,4
TUBB,4
TUBB2A,4
TUBB2B,4
ELP4,4
EIF6,4
EIPR1,4
ELL,4
ATP6V1B2,4
OXR1,4
OXSM,4
PABPC4,4
P4HA1,4
P4HB,4
EIF2S3B,4
TTC39C,4
GSN,4
SETDB1,4
SERPINB9,4
GSS,4
GSTK1,4
SF3A3,4
PPP6R1,4
ATP6V0A1,4
CD55,4
GSPT2,4
GRHL2,4
GPX1,4
GRAMD1A,4
GSTM4,4
GRSF1,4
GRWD1,4
COPS4,4
COPS7B,4
EHBP1L1,4
EHMT1,4
EFEMP1,4
CORO1B,4
CORO2B,4
TWF1,4
SEPTIN7,4
SENP7,4
SEPHS1,4
CFL2,4
HDGF,4
CERS5,4
OGFR,4
OCRL,4
SEC23IP,4
GTPBP2,4
GUF1,4
GTF2H1,4
GTF3C3,4
SENP2,4
SEC63,4
H6PD,4
LIMS3,4
PREPL,4
PRDM10,4
PPP4R1,4
LEF1,4
LEMD2,4
PREB,4
GSTZ1,4
PSAT1,4
PRPSAP2,4
PRRC2A,4
PRPF31,4
PRPF39,4
HEATR5B,4
CHERP,4
HDHD5,4
SDAD1,4
CCDC97,4
LDAH,4
LDB1,4
PRKCA,4
PRKAR2B,4
PRPF40B,4
PSAP,4
OTULIN,4
SCFD2,4
APBB1,4
SARS1,4
SCRN3,4
APEX1,4
API5,4
APLP2,4
TUBB4A,4
TUBB4B,4
AGAP3,4
TUFM,4
OSGEPL1,4
ORC4,4
MRPL44,4
MRPL22,4
MTARC2,4
BSG,4
BST2,4
BTBD10,4
HMCES,4
HIP1R,4
RREB1,4
RRM2,4
UBE2K,4
UBE2G2,4
UBASH3B,4
MSRA,4
BPHL,4
BRIX1,4
BRMS1L,4
MTARC1,4
HDAC2,4
HADHB,4
AGK,4
AGO3,4
EDEM3,4
U2AF1L5,4
UBA5,4
TXNDC15,4
RUVBL1,4
HELLS,4
HEATR5A,4
SAP30BP,4
SAR1A,4
SARM1,4
HCFC2,4
HDAC1,4
DSC3,4
UBXN6,4
DUSP3,4
ADCY5,4
UEVLD,4
DNMT3A,4
ADD1,4
ADH5,4
LAMA3,4
PSMD3,4
PSMC4,4
BRD1,4
NUP214,4
NUDT8,4
NUMBL,4
DTYMK,4
L1CAM,4
PSMA1,4
PSMA5,4
PRSS23,4
LARS2,4
LAMB1,4
LAMC1,4
L3MBTL2,4
RRM2B,4
RPUSD2,4
RPUSD3,4
HMBS,4
RUNX1T1,4
RSL1D1,4
CHD1,4
CHD1L,4
UPF3B,4
USP22,4
MTHFD2,4
MTHFS,4
NSUN5P1,4
NSDHL,4
NUP133,4
NUBP2,4
ARHGAP29,4
ARHGAP45,4
HIBCH,4
RPS6KA3,4
DOCK8,4
DNM2,4
DNMBP,4
ADO,4
PSMC6,4
HNRNPDL,4
HMMR,4
HMOX2,4
HPRT1,4
HPS3,4
HOMEZ,4
HOOK1,4
UGP2,4
EEF1A2,4
ECE1,4
DUT,4
DYNC1LI1,4
DYNC2H1,4
ATAD2B,4
ATE1,4
DLAT,4
DLG2,4
DOCK10,4
DOCK11,4
DOCK4,4
DOCK5,4
PSMD9,4
KRT6A,4
KRT15,4
ACTR2,4
ACTR3,4
ACVR1C,4
ACTB,4
USP40,4
USP28,4
DNAAF2,4
RPP30,4
RPP38,4
HNF4G,4
ARFGAP3,4
RPS2,4
ATG13,4
KRT6B,4
KRT13,4
RPS3A,4
HSD17B10,4
RPLP0,4
RPL37A,4
RPL4,4
HTATSF1,4
HTT,4
HSPA1B,4
VAPA,4
VAV3,4
UTP6,4
ACTG1,4
DIAPH2,4
DHX33,4
VRK3,4
ADAM9,4
NPM3,4
C18orf21,4
MTHFSD,4
MTG1,4
NR2C1,4
NR2F1,4
CPSF6,4
DMXL2,4
RPL17,4
RPL18A,4
KIF20B,4
KIF4B,4
KLHL5,4
MTRF1,4
NRDE2,4
NPLOC4,4
PTEN,4
PSMD5,4
CENPB,4
IBTK,4
CEP152,4
CEP170B,4
RNPC3,4
RPL3,4
WDCP,4
DENND10,4
DECR1,4
CSRP1,4
CSRP2,4
DFFA,4
DGKH,4
IP6K1,4
RHOD,4
RFTN1,4
RIPK2,4
RING1,4
RHOB,4
RND3,4
NOP9,4
WASL,4
MVB12A,4
MTPAP,4
PTPN23,4
PTPRU,4
IL17RD,4
IL18,4
IFIT3,4
IFIT5,4
DHX35,4
VPS54,4
VPS72,4
MTX2,4
CARD10,4
MTMR6,4
CAPZB,4
C11orf54,4
NOA1,4
NOC2L,4
MYO5A,4
MYPN,4
NOTCH2,4
NONO,4
MYO1E,4
BTN2A1,4
WDR74,4
WDR44,4
WDR46,4
WDR6,4
XAB2,4
WIZ,4
NOL11,4
NOL8,4
REST,4
CEP97,4
KHSRP,4
CDCA7L,4
KEAP1,4
PYGL,4
KIF11,4
DDX4,4
INPP5B,4
INPP5K,4
RDH13,4
RDH14,4
RCL1,4
INTS2,4
RFC3,4
RFC5,4
NME1,4
DCTD,4
DCTN3,4
ACOT2,4
ACSS2,4
ACSS3,4
CRYL1,4
XYLB,4
ILF3,4
IMPA1,4
NHSL1,4
NIN,4
NIP7,4
NME7,4
NMT1,4
NLRX1,4
IPO11,4
IPO8,4
IPO9,4
RBM4B,4
RBM23,4
RBM25,4
ARMC1,4
INCENP,4
BTN3A1,4
BTN3A3,4
QSOX2,4
KDM4C,4
KDM5B,4
KCTD3,4
CDK18,4
IRF6,4
NEMF,4
NAXD,4
ZNF701,4
ABL2,4
ABLIM1,4
NCAPG,4
ZYG11B,4
CAAP1,4
KDM6A,4
CDAN1,4
RAB3GAP2,4
RAB31,4
RAB34,4
ASAP1,4
ASH2L,4
C3orf38,4
RALBP1,4
KBTBD2,4
KBTBD4,4
KCNAB2,4
RASA2,4
RASAL1,4
RANBP6,4
CDC42,4
NFKBIB,4
NAPA,4
NARS1,4
NACC1,4
NGEF,4
NFIC,4
KANK2,4
RAF1,4
SZT2,4
TAF1,4
CCDC51,4
CCDC77,4
BCAR3,4
BCAS3,4
MBD4,4
FMNL3,4
CMTR1,4
SUV39H1,4
FMNL1,4
FAM185A,4
TCAF2,4
FBXO30,4
CNST,4
TAF5L,4
ZSWIM8,4
MARS2,4
PHLDB2,4
PHRF1,4
FERMT2,4
FERMT3,4
FIBP,4
FGF2,4
ZNF627,4
ZNF644,4
ZNF655,4
ZNF668,4
ACAT1,4
ACAT2,4
CSTF2T,4
CSTF3,4
AACS,3
AAK1,3
AAMP,3
AARS2,3
AARSD1,3
ZWILCH,3
ZNF746,3
ZNF709,3
ABLIM3,3
ZNF579,3
ZNF561,3
ZNF562,3
ZNF512B,3
ZNF516,3
CTDSPL,3
ZRSR2,3
ZRSR2P1,3
NDC80,3
ZCCHC4,3
ZC3H15,3
ZCCHC17,3
ZBTB7A,3
ZADH2,3
ZBTB1,3
YWHAQ,3
DCBLD2,3
NIPSNAP2,3
NIT2,3
NIFK,3
NFKBIL1,3
NFE2L2,3
NADK2,3
ZFAND1,3
ZFAND5,3
ACP1,3
CSK,3
CRNKL1,3
DCUN1D3,3
DDAH2,3
NOCT,3
NMNAT3,3
NME2,3
DALRD3,3
CYLD,3
CYRIB,3
YJU2,3
YME1L1,3
XRCC6,3
XPO4,3
XRCC1,3
KIF16B,3
KHDRBS1,3
KHNYN,3
CDH1,3
CDK10,3
IFT22,3
CEP192,3
CEP55,3
KDM5A,3
RAB19,3
R3HCC1L,3
QDPR,3
QPRT,3
PYCARD,3
PYCR2,3
PYGM,3
RBM6,3
RBMS1,3
RBM27,3
CDK4,3
CDK6,3
CDK8,3
IRGQ,3
CDK13,3
ARID4A,3
ARHGEF17,3
RBBP5,3
RAVER1,3
CDKN2A,3
RAPGEFL1,3
INO80,3
RBM47,3
PTPN1,3
KLHL7,3
KMT2C,3
KIFC3,3
KLHDC4,3
KIFAP3,3
RPL30,3
RPL34,3
IKBKB,3
CDC45,3
PUM3,3
PURB,3
PUS3,3
PTPRZ1,3
PTRH2,3
PTP4A2,3
RNASEH2A,3
RMI1,3
RMND5A,3
RHPN2P1,3
RICTOR,3
RHOQ,3
RFXANK,3
RGP1,3
RFC4,3
RELCH,3
INTS9,3
INPP5F,3
INSR,3
INTS10,3
IDH3G,3
RNF114,3
KRT17,3
KNOP1,3
KPNA3,3
ATG2B,3
ASTN2,3
RPS11,3
HSPA8,3
HSPD1,3
ATG5,3
ATL2,3
KRT80,3
KRT23,3
KRT5,3
KRT6C,3
KRR1,3
KRT14,3
IFI35,3
ICAM1,3
IDE,3
IDH1,3
PTBP1,3
PTDSS1,3
PSRC1,3
PSMD4,3
RPL10,3
RPA1,3
RPAP1,3
ROR1,3
RNF216,3
CEP131,3
CENPE,3
CENPN,3
CHCHD3,3
CHD2,3
RTF1,3
RTF2,3
RRP9,3
RTCA,3
RTCB,3
RRP7A,3
PSMD11,3
LANCL2,3
LAMB2,3
LAMB3,3
LACTB2,3
KYNU,3
L2HGDH,3
PSMA4,3
RPS5,3
RPS6,3
ARHGAP4,3
HPF1,3
HPGD,3
HNRNPF,3
HMGCS2,3
ATAD1,3
HYOU1,3
HSPA14,3
HSPA2,3
HRAS,3
RPL5,3
RPL7A,3
RPS6KA2,3
RPS6KA6,3
SCNN1A,3
APOL3,3
APMAP,3
SCCPDH,3
APC,3
SART1,3
CFL1,3
HDAC6,3
PRPF3,3
PRKCB,3
PRKCZ,3
CCT6B,3
CCZ1,3
CCDC9B,3
APPL1,3
APRT,3
HECTD3,3
CHD5,3
CHAF1B,3
PRPS2,3
PRPF38B,3
PRPF40A,3
PRPF4B,3
PRPF19,3
HJURP,3
HLA-A,3
HERPUD1,3
HFE,3
HGH1,3
SAE1,3
SAAL1,3
HERC1,3
ATP6V1B1,3
LIMS4,3
LGALSL,3
LIG4,3
LIMD1,3
LETM1,3
SGTA,3
SH3BP2,3
LASP1,3
PRDX4,3
PRDM15,3
PRDM16,3
ATP6V1C1,3
PPP4C,3
PPP4R3B,3
ATP6V0D1,3
SEH1L,3
GTPBP1,3
GTPBP6,3
SDHC,3
SDR16C5,3
SDSL,3
SEC24A,3
LDHB,3
HDGFL2,3
SEPTIN8,3
SERPINB6,3
SEPTIN2,3
SEMA3C,3
SENP1,3
SEC62,3
SECISBP2,3
SLC25A10,3
SLC25A22,3
SKP1,3
SIRT1,3
SKI,3
GPCPD1,3
GPATCH11,3
CHUK,3
ATP2B1,3
ATP1A4,3
PPP1R3D,3
PPP1R7,3
LPCAT2,3
LPP,3
LNPK,3
LNX2,3
GSE1,3
GSK3A,3
GRB2,3
GRPEL2,3
SEPTIN6,3
LGALS1,3
CCZ1B,3
CD320,3
SGF29,3
SGK2,3
SETD5,3
SETX,3
SF1,3
SERPINB8,3
GSTCD,3
GSDMD,3
LRRC8D,3
PPCDC,3
SMC3,3
SMG8,3
SMAD5,3
SMAD9,3
SMAP2,3
SLTM,3
GORASP2,3
LMAN2,3
LMF2,3
PPIL4,3
LYPLA2,3
LTBP3,3
LRWD1,3
LSG1,3
ANXA2P2,3
SLC9A3R2,3
SLC5A3,3
SLC25A36,3
SLC25A40,3
CHPF,3
GOLPH3,3
GORAB,3
SIN3B,3
SHCBP1,3
SHROOM3,3
SH3PXD2B,3
SH3RF1,3
SHANK2,3
AP1M2,3
ANXA1,3
LZTR1,3
M6PR,3
PNP,3
PNPT1,3
PMS2,3
SPDL1,3
SPECC1L,3
ANKRD54,3
GGCT,3
PPFIA1,3
POU2F3,3
POU3F2,3
POLR2M,3
POFUT1,3
POLD2,3
MACROH2A2,3
SNTA1,3
SNRPB,3
SMN1,3
SMPD2,3
SMURF1,3
GLE1,3
GINS3,3
GIT2,3
SMAD1,3
AP4B1,3
GNA12,3
GNAI3,3
GNAL,3
GLUL,3
GMEB2,3
GLO1,3
SPR,3
SPG7,3
SPINT1,3
SPIRE2,3
GARS1,3
GALNT7,3
GAN,3
SPATA5L1,3
MAP3K6,3
MAP3K7,3
MAP4,3
MAP2K6,3
MAP2K7,3
FTSJ1,3
SRGAP2B,3
SRGAP2C,3
GATB,3
BAG3,3
AURKC,3
ATPAF1,3
PLPBP,3
PLS1,3
PLEKHG4,3
MAPK3,3
ANKRD11,3
ANKMY2,3
SOAT1,3
SOD1,3
SNX3,3
GEMIN2,3
GDAP2,3
GCLC,3
MARCHF5,3
MARF1,3
PITHD1,3
PIK3CD,3
ALG11,3
SUMF1,3
SUCLG1,3
FOXP4,3
PLAT,3
PKP1,3
CCDC120,3
CBS,3
CBSL,3
CBX3,3
CBX5,3
MAPKAPK3,3
CLGN,3
GABPA,3
CKAP2,3
FTSJ3,3
FUCA2,3
MAP11,3
PLEKHF2,3
PLCD3,3
STAU1,3
STBD1,3
STAT2,3
ST14,3
SSB,3
SRR,3
SRP19,3
SRP54,3
MBD2,3
CCDC88A,3
BCAM,3
FBXL19,3
FBXL2,3
FASTKD3,3
FASTKD5,3
FBLN1,3
PHYHIPL,3
PI4KAP2,3
PHF20L1,3
PHF23,3
BCL2L2,3
BCL7B,3
MCAT,3
MBTD1,3
ANAPC1,3
ANAPC2,3
FKBP4,3
FGGY,3
FHL1,3
FGD3,3
ALKBH4,3
PHTF2,3
FNBP1L,3
FMC1,3
STING1,3
CMTR2,3
SYNJ1,3
SYNM,3
SUZ12,3
SURF2,3
MED15,3
MED16,3
ME2,3
TEAD4,3
ALDH1B1,3
ALDH3A2,3
ALDOC,3
AKT3,3
CLPTM1,3
BAIAP2L1,3
BARD1,3
BAZ2B,3
PHACTR4,3
CASP2,3
CASP3,3
MED12,3
FBXO24,3
TBRG1,3
TBRG4,3
TBXAS1,3
TBCCD1,3
TBC1D24,3
TBC1D16,3
CMIP,3
FBN2,3
TAOK3,3
TAPT1,3
TARBP1,3
TACSTD2,3
FCHSD1,3
FBXW11,3
FCF1,3
FAM126A,3
FAM111A,3
FAM120C,3
FADS1,3
FAF1,3
F2,3
TELO2,3
TMEM201,3
CBFA2T3,3
CBFB,3
CBLB,3
THOC7,3
THUMPD1,3
THNSL1,3
TGFBR1,3
TFB1M,3
MEAK7,3
PGM2,3
PECR,3
PELO,3
MEMO1,3
MEGF9,3
MED25,3
CAT,3
AKT2,3
TDRD3,3
TCF20,3
FARP2,3
FARS2,3
FAM98A,3
FAM83F,3
ME3,3
AK5,3
AHR,3
AHSG,3
TNPO2,3
TMX2,3
TNFAIP3,3
ERN1,3
ERO1A,3
PDF,3
PDK1,3
PDCD2L,3
MGLL,3
MGMT,3
MGA,3
METTL7A,3
AJUBA,3
EXOSC6,3
EXOSC7,3
EXOC4,3
EXOC6B,3
EXOSC1,3
PDXDC2P,3
PDK2,3
PDLIM3,3
TMEM132A,3
TM7SF2,3
TLE1,3
TLK2,3
TIMP3,3
TIPRL,3
TIGAR,3
EXOSC5,3
PBX3,3
BCLAF1,3
PAXBP1,3
MMTAG2,3
MMUT,3
TRIM21,3
TRAPPC12,3
TRAPPC13,3
PCYT1A,3
PCNA,3
PCBP3,3
PCBP4,3
PCF11,3
BNIP1,3
BEND7,3
BCORL1,3
TOR4A,3
TOX4,3
AKR1B1,3
AKR1C2,3
TOP3A,3
AKAP2,3
AKR1A1,3
EPHA7,3
ESCO1,3
ERGIC1,3
ERI1,3
ERCC4,3
COLGALT1,3
EMG1,3
TPR,3
TOR1AIP2,3
TRMT10A,3
TRMT5,3
TRIP13,3
TRIM59,3
ELOA,3
ELOC,3
ELOVL5,3
EIF4E,3
MPZL1,3
MPI,3
MPND,3
MPP7,3
MOV10,3
TRPV2,3
TRMU,3
TRPT1,3
MIF4GD,3
PATL1,3
PARK7,3
PANK4,3
PAPOLA,3
PAPSS1,3
PARD3B,3
PAK2,3
TRAF5,3
TPRKB,3
EPB41L5,3
EPCAM,3
EPB41L3,3
ENDOV,3
MLH3,3
MIER3,3
OSBPL10,3
OSBPL11,3
OPTN,3
TXLNG,3
AFF4,3
TUBGCP3,3
TUFT1,3
TWF2,3
P4HA2,3
OXA1L,3
OXSR1,3
MRPS12,3
MRPS18A,3
MRPL37,3
OVCA2,3
OSBP,3
EIF2S1,3
COX6B1,3
CPEB4,3
TTC1,3
TSPYL5,3
PADI2,3
PAAF1,3
PABPC1,3
TTN,3
TTYH3,3
TUBA3C,3
TUBA3D,3
TTF2,3
TTC27,3
EIF3E,3
EIF2B1,3
UBE2C,3
U2AF1L4,3
AGPAT3,3
AGFG2,3
EEF1A1P5,3
ECHDC1,3
EARS2,3
DNPEP,3
MTA3,3
MTAP,3
MSRB2,3
MRPS9,3
MRRF,3
MRPS27,3
UBE2L3,3
UBE2I,3
EHHADH,3
EGLN1,3
TUBA3E,3
OLA1,3
OAS1,3
OCIAD2,3
NUS1,3
NUTF2,3
TUBB6,3
TUBG1,3
TUBG2,3
TUBGCP2,3
COQ3,3
CORO1A,3
CORO2A,3
CORO6,3
AFAP1L1,3
UHRF1BP1L,3
ADNP,3
ADRM1,3
ADSL,3
DPH5,3
DPP8,3
DPF3,3
NSUN6,3
NSA2,3
CAMKMT,3
CANX,3
CAP2,3
USP25,3
UROS,3
ADSS2,3
DUSP23,3
DROSHA,3
DRG1,3
DRG2,3
UBN1,3
BRD4,3
NUB1,3
NTHL1,3
ADGRG6,3
UFSP2,3
UCHL1,3
UCKL1,3
UFD1,3
UBR7,3
UBXN4,3
UBXN8,3
MTOR,3
MTX1,3
MTMR10,3
ADAM17,3
DGUOK,3
DHRS13,3
DGCR8,3
DDX18,3
UXS1,3
CPSF7,3
CPT1B,3
MTM1,3
MTERF3,3
NPC2,3
C16orf70,3
MVD,3
UTP18,3
USP39,3
USP43,3
USP30,3
ACTN2,3
ACTN3,3
VIRMA,3
VPS13B,3
DOCK1,3
DLC1,3
DLST,3
DMPK,3
DKC1,3
DNAJC6,3
DNAJB14,3
CREB1,3
WDR82,3
WDR91,3
WDR92,3
WDR54,3
WDR55,3
WDR70,3
WDR37,3
WDR47,3
NMT2,3
NNMT,3
NNT,3
XIAP,3
ACBD5,3
ACO2,3
WEE1,3
WDR76,3
NOS1AP,3
BTBD9,3
NOMO3,3
MYO10,3
MVK,3
MVP,3
MYD88,3
NOMO1,3
CSNK2B,3
CSNK1G2,3
DEPDC5,3
DEPTOR,3
DENND4A,3
DDX60L,3
DDX56,3
BTN2A2,3
C9orf64,3
CA8,3
C5orf51,3
NCAPH2,3
C2CD2L,3
C2orf69,3
ABCD1,3
NCK2,3
CTSD,3
NES,3
NEXN,3
NFATC1,3
NELFA,3
NELFE,3
NDUFAF5,3
NDUFS2,3
CYC1,3
CUTA,3
CUTC,3
CWF19L2,3
CTU1,3
CTPS2,3
CTSB,3
CTSC,3
DCK,3
DBT,3
DCAF10,3
DCAF11,3
ZNF468,3
ZNF330,3
ZNF280D,3
CYB5R3,3
KANSL3,3
ITSN1,3
IWS1,3
RABL6,3
RAC2,3
RAC3,3
RACGAP1,3
IQSEC1,3
KDM1B,3
RARB,3
RARS2,3
RANBP3,3
RALGAPA1,3
RAD21,3
KATNA1,3
KALRN,3
ASAP3,3
ARPC1B,3
ARMCX1,3
RAB2B,3
CDC27,3
CDC40,3
KDSR,3
CDC123,3
ZNF615,3
ACAD10,3
ACADS,3
ZNFX1,3
RAD17,3
ASS1,3
ARRB1,3
ASAP2,3
ZZZ3,2
AAGAB,2
ABAT,2
ABCC4,2
ZNF765,2
ABHD10,2
ABHD12,2
ZNF761,2
ABRAXAS2,2
CSTF2,2
ZNF384,2
ZNF316,2
ZNF320,2
ZNF326,2
NBEAL1,2
NBR1,2
NCAM1,2
C3,2
NCKIPSD,2
NCOR1,2
NCS1,2
NCSTN,2
CABIN1,2
CACYBP,2
NCKAP1L,2
ZNF281,2
ZNF202,2
ZNF227,2
ZKSCAN1,2
ZNF112,2
CXXC5,2
ZFYVE19,2
ZFYVE9,2
ZHX2,2
CTTN,2
CTTNBP2NL,2
CTU2,2
CUL9,2
CWC22,2
ZFP62,2
ZFP91,2
CTSA,2
CTSS,2
ZDHHC18,2
ZDHHC5,2
ZFAND3,2
ZFP36L1,2
ZC3H8,2
ZC3HAV1L,2
ZDHHC12,2
ZDHHC13,2
NEMP1,2
NEPRO,2
NEU3,2
N4BP2L2,2
NEBL,2
NECAP2,2
NECTIN2,2
CA12,2
NDUFAF6,2
NDUFAF7,2
NDUFB11,2
NDUFB9,2
C6orf89,2
ZBTB40,2
ZC3H11B,2
ZC3H12C,2
ZBTB10,2
ZBTB20,2
ZBTB38,2
DCP1B,2
YWHAG,2
YWHAH,2
YWHAZ,2
NKTR,2
NLE1,2
NLN,2
NFRKB,2
NID1,2
NID2,2
NIF3L1,2
NABP2,2
NAP1L4,2
NAPG,2
NAA10,2
NAA30,2
NAA50,2
NAB2,2
YLPM1,2
CYFIP2,2
CYP4F11,2
CYTH1,2
XRCC4,2
YARS2,2
CSNK1A1,2
ACP2,2
ACSF3,2
XPR1,2
CRTAP,2
CRY2,2
CRYBG2,2
CRYZ,2
CRYZL1,2
CS,2
DCUN1D1,2
DCXR,2
DDAH1,2
DDHD2,2
CRMP1,2
CROCC,2
ACOT8,2
ACOX3,2
DCPS,2
DCTN5,2
ACBD6,2
ACO1,2
ACOT1,2
ACOT11,2
ACOT13,2
WNK4,2
WWC3,2
WWOX,2
MYL6,2
MYNN,2
NOL3,2
NOL4L,2
NOL9,2
NOM1,2
MX2,2
NME2P1,2
NMNAT1,2
NMRAL1,2
NOC3L,2
WDR89,2
WDTC1,2
WIPI1,2
WLS,2
DDX28,2
CSPG4,2
DDI2,2
DDOST,2
DDR2,2
DET1,2
CSNK1G1,2
CSNK2A1,2
CAPZA1,2
CAPZA2,2
MTMR12,2
MTMR14,2
MTMR3,2
MTRR,2
C12orf57,2
CAPN7,2
CAPN9,2
CAPNS1,2
NOTCH1,2
NOTCH2NLA,2
BUB3,2
BZW2,2
MYO1F,2
MYO1G,2
MYSM1,2
NOP14,2
NOSIP,2
DEK,2
DENND10P1,2
DENND2D,2
DENND3,2
DERA,2
WDR12,2
DDX49,2
DDX52,2
DDX59,2
DDX60,2
VRK1,2
VSNL1,2
WASHC4,2
DHX34,2
ADAM11,2
ADAMTS10,2
VPS52,2
NRAS,2
MTERF4,2
MTFMT,2
MTG2,2
MTHFR,2
NOTCH3,2
NPEPPSL1,2
NPTN,2
NR2F6,2
C19orf12,2
C1QTNF6,2
C1orf198,2
NOTCH2NLB,2
MTX3,2
MUC5B,2
C17orf75,2
C17orf80,2
DHCR7,2
DHPS,2
DHRS2,2
DHX32,2
ACTR5,2
ACTR6,2
ACTR8,2
ACVR1,2
DGKD,2
DGKE,2
DGKG,2
VPS50,2
ACTG2,2
ACTR1A,2
ACTR1B,2
VPS28,2
VPS29,2
VPS33B,2
VPS36,2
VPS41,2
VPS45,2
VPS4A,2
NTN4,2
NTPCR,2
NUDCD2,2
NSRP1,2
NT5C2,2
NT5C3B,2
NT5DC3,2
NT5E,2
CAMSAP3,2
MTIF2,2
CALR,2
VEZT,2
VHL,2
VIPAS39,2
VAPB,2
VASP,2
VBP1,2
VCPIP1,2
VDAC1,2
CPS1,2
UTP4,2
UVRAG,2
DIEXF,2
DIMT1,2
DIP2A,2
CPNE4,2
CPNE7,2
MRPS5,2
MRPS7,2
MRTO4,2
MSH3,2
MRPS24,2
MRPS30,2
NUDT9,2
NUP37,2
NUP54,2
NUP58,2
NUDT12,2
NUDT15,2
NUDT16L1,2
NUDT2,2
NUDT4B,2
DNAJC10,2
DNAJC16,2
DNAJA1,2
DNAJA2,2
DNAJA3,2
DNAJB1,2
DNAJB4,2
DNAJB6,2
UTP23,2
CRACR2A,2
CRACR2B,2
CRB2,2
CRIP2,2
CRKL,2
CRLS1,2
USP33,2
USP51,2
USP6,2
USP6NL,2
OGFOD1,2
NXN,2
NXT1,2
OARD1,2
OAT,2
BRD8,2
BRMS1,2
BRPF3,2
BRWD1,2
BRWD3,2
BTBD3,2
MSL2,2
MSN,2
MTCH2,2
MTCL1,2
USP12,2
USP13,2
USP32,2
UNC13D,2
UNK,2
UPF3A,2
UQCC1,2
UQCRC2,2
UQCRH,2
AFF1,2
UHRF1BP1,2
DPF2,2
DPH3,2
DPM3,2
DPP9,2
DPY19L1,2
DPYD,2
MRPL47,2
MRPL50,2
MRPL53,2
MRPS11,2
MRPL24,2
MRPL3,2
MRPL35,2
MRPL39,2
MRPL14,2
MRPL19,2
MRPL2,2
MRPL21,2
ORC5,2
OS9,2
OSBPL5,2
OSTF1,2
OTUB1,2
OTUB2,2
MOSPD2,2
MPDZ,2
MPHOSPH10,2
MPP5,2
MPP6,2
MPST,2
PAFAH1B3,2
MORC4,2
P3H2,2
PABPC3,2
PABPN1,2
PACSIN2,2
MRPS17,2
MRPS18C,2
OVOL2,2
OXNAD1,2
DNTTIP1,2
DNTTIP2,2
DPAGT1,2
ADCY6,2
ADCY9,2
ADD3,2
ADGRA3,2
ADI1,2
UBXN7,2
ADAT1,2
ADAT2,2
DTNBP1,2
DTWD1,2
DUS2,2
DUSP11,2
DUSP12,2
MINPP1,2
PARP10,2
PAX1,2
MRPL11,2
PAK1,2
PAK1IP1,2
MPV17L2,2
MREG,2
MRI1,2
MRM3,2
DRAP1,2
DSN1,2
DSTYK,2
DTNB,2
DPYSL4,2
UBE2L6,2
UBE2M,2
UBE2Q1,2
UBE2S,2
UBE2D2,2
UBE2D3,2
UBE2E2,2
UBE2E3,2
TYW3,2
TYW5,2
UBAP1,2
UBE2A,2
TXNDC9,2
TYMS,2
AGO1,2
AGO4,2
AGPAT1,2
AGPAT5,2
AHDC1,2
ECH1,2
ECHDC3,2
ECHS1,2
ECI1,2
ECSIT,2
EDEM2,2
EEA1,2
BEND3,2
BLMH,2
BLOC1S5,2
BLVRA,2
PBX1,2
PBX2,2
BDH2,2
BECN1,2
MOB2,2
PAXX,2
MLLT1,2
MMACHC,2
DYRK1A,2
AGAP6,2
AGAP9,2
DYM,2
DYNLL1,2
TXLNA,2
TXN,2
TXNDC11,2
AFTPH,2
COPS2,2
COPS6,2
COQ5,2
TUBB8,2
TUBB8B,2
MFHAS1,2
MGAT2,2
MGAT5,2
PDCD2,2
METTL26,2
METTL7B,2
MFAP5,2
MFF,2
PCGF2,2
PCGF3,2
PCK1,2
PCLAF,2
PCMTD1,2
BNIP2,2
PCDHB11,2
EHBP1,2
EHD4,2
TTL,2
EEF1B2,2
TTC4,2
TTI2,2
EIF3G,2
TTC21B,2
TTC26,2
EIF1,2
EIF1B,2
EIF2AK3,2
TSTD2,2
TTC17,2
COX20,2
CPEB3,2
CPNE1,2
CPNE2,2
TSNAX,2
TSPYL1,2
TSR1,2
TSR2,2
TSSC4,2
TSC1,2
TSC22D2,2
TSEN54,2
CBR3,2
MED26,2
MED27,2
MED28,2
MED29,2
MED4,2
PDK3,2
PDSS1,2
PDXP,2
PDZD8,2
CBLC,2
CBR1,2
PDE5A,2
PDHX,2
PDIA4,2
MICA,2
MIDEAS,2
MIEF1,2
PDCL,2
MCU,2
MDK,2
MECP2,2
MED20,2
PGAM1,2
PGBD4,2
PGGT1B,2
PGLS,2
PEBP1,2
PEX1,2
MEGF6,2
MEGF8,2
METTL14,2
TRMT13,2
TRMT6,2
TRMT61A,2
TRNT1,2
TRUB1,2
TRUB2,2
TRIP10,2
TRIM29,2
TRIM32,2
TRIM36,2
TRIM38,2
EIF5AL1,2
ELF3,2
ELMOD2,2
ELOB,2
ELP6,2
TRIM13,2
TRIM14,2
EIF3L,2
EIF4A2,2
EIF4B,2
TRAPPC4,2
EPHA2,2
EPHA4,2
TPRG1L,2
TRA2A,2
TRAF3IP1,2
ENOPH1,2
ENPP1,2
ENPP2,2
MARK4,2
MBD3,2
MBOAT7,2
MCC,2
BCAS2,2
BCAT2,2
CCDC91,2
PGRMC2,2
PGS1,2
PHAX,2
PHF13,2
BAHD1,2
CARS2,2
CASP8AP2,2
CASZ1,2
PGPEP1,2
ENG,2
TPD52L2,2
TPH2,2
TPO,2
TPP1,2
EMC1,2
COL4A2,2
AKAP11,2
AKAP8,2
AKR1B15,2
ERBB3,2
CNTRL,2
COG3,2
COG6,2
COL4A1,2
PIGH,2
PIH1D1,2
PHLPP1,2
PHYH,2
PI4K2A,2
PI4KAP1,2
PIAS4,2
PHF2,2
PHF5A,2
PHLDA1,2
BCL11A,2
BCL11B,2
EPHB4,2
EPHX4,2
EPM2AIP1,2
EPN1,2
ERAL1,2
TOMM40L,2
AHSA1,2
AIP,2
AK1,2
EPHA6,2
EPHB1,2
TMX3,2
TNFAIP1,2
TNRC6B,2
ERLIN1,2
ERLIN2,2
CCDC144B,2
CCDC22,2
CC2D1A,2
CCAR1,2
CCAR2,2
PIPSL,2
PISD,2
MAPKAPK2,2
MAPRE3,2
PIK3C2B,2
PIP4K2A,2
PIP4K2B,2
PIP4K2C,2
PIP4P1,2
PIP4P2,2
COMMD3,2
COMMD4,2
COMP,2
TMEM87A,2
TMF1,2
COL6A1,2
TMEM67,2
TMEM147,2
TMEM176B,2
TMEM192,2
TLE5,2
TLR4,2
TM9SF3,2
TMA16,2
TIMM10,2
TIMM44,2
TIMP1,2
TKFC,2
EXOC2,2
EXOC3,2
EXOC6,2
EXOSC3,2
EXOSC4,2
EXPH5,2
THYN1,2
MAOA,2
MAP1A,2
MAP2K2,2
MAP3K2,2
MAP3K3,2
MAP4K2,2
MAP4K5,2
PLEKHA1,2
PLEKHA7,2
PLEKHF1,2
MANBA,2
PLA2G15,2
PLA2G4A,2
PLCB1,2
PLCG2,2
CCDC25,2
CCDC47,2
PKN1,2
ATXN7,2
ATXN7L3,2
AUP1,2
AVEN,2
AVL9,2
PLXNB1,2
ATP9B,2
ATRAID,2
ATRN,2
PLEKHO2,2
PLOD3,2
PLSCR1,2
MAPK12,2
MAPK14,2
MAPK8,2
MAPK8IP3,2
MAPK9,2
ESF1,2
ESPL1,2
ETFB,2
ETNK1,2
EVI5L,2
TGM5,2
TFDP1,2
TFRC,2
TGFB1I1,2
FAM120B,2
FAM160B1,2
TFAP2E,2
FAHD1,2
FAM117B,2
EZR,2
F8A1,2
FAAP100,2
FABP5,2
TEX2,2
TEX30,2
TFAM,2
TFAP2B,2
TECPR2,2
TERF2,2
MAF1,2
MAFF,2
LYSMD2,2
MACC1,2
MAD2L1BP,2
PM20D2,2
PMM1,2
PMM2,2
PMVK,2
PNO1,2
PNPO,2
POC1B,2
BABAM2,2
BAG2,2
PLXNB3,2
ALAS1,2
ALB,2
ALDH3B1,2
ALDH4A1,2
TEAD1,2
TDG,2
TDP1,2
AKR1C4,2
AKR7A3,2
FARSA,2
FAS,2
TCEAL3,2
TCEAL4,2
TCEAL5,2
TCEAL6,2
TCF25,2
FAM8A1,2
POLR2I,2
POLR3C,2
POMK,2
POLR1F,2
POLR1H,2
POLR2C,2
POLR2G,2
POLE,2
POLG,2
MAGED1,2
MAGED2,2
MAGI3,2
MAGOH,2
FAM3C,2
FAM83B,2
FAM83D,2
TBCEL,2
TBPL1,2
CLPX,2
CLTB,2
CLUAP1,2
CMBL,2
CMPK1,2
TASP1,2
TBC1D10A,2
FBXL17,2
FBXL18,2
LRSAM1,2
LSM14A,2
LSM14B,2
LSM4,2
LSM7,2
PPAN,2
PPARG,2
PPAT,2
PPFIA3,2
LRRC57,2
LRRC58,2
POU2F2,2
POU5F1,2
PPA1,2
POP5,2
POU1F1,2
TAOK2,2
TAPBP,2
TARBP2,2
FBH1,2
FBL,2
FBN1,2
TANGO6,2
TACO1,2
FBXO45,2
FBXW2,2
FCHO1,2
CNNM4,2
CNOT4,2
CNOT9,2
FBXO3,2
SYK,2
SYNE3,2
SYNGR2,2
SYNJ2,2
SYNPO,2
SYPL1,2
SYTL1,2
AMOTL2,2
ANAPC10,2
SURF6,2
SWAP70,2
FLOT1,2
AMMECR1,2
LMAN1,2
LMBRD2,2
LMO7,2
PPM1E,2
PPM1F,2
PPP1R12C,2
PPP1R1B,2
PPIAL4E,2
PPIAL4F,2
PPIAL4H,2
PPIF,2
PPIL2,2
LTA4H,2
LUC7L,2
LYAR,2
PPIAL4A,2
PPIAL4C,2
PPIAL4D,2
CD109,2
CD44,2
LEO1,2
PPP3CA,2
ATP12A,2
ATP1B3,2
ATP2B3,2
LRRC1,2
LRRC14,2
PPP1R9B,2
PPP2R5B,2
LPIN3,2
LRCH3,2
FGFR1OP2,2
FH,2
FHL3,2
FIG4,2
FIP1L1,2
FITM2,2
FKBP5,2
ALS2,2
FERMT1,2
FGB,2
FGD1,2
ALLC,2
SULT1A3,2
SULT2B1,2
SUMF2,2
SUMO1,2
SUCLG2,2
SUGT1,2
SULT1A1,2
STX4,2
STX5,2
STK3,2
STK32C,2
STK38L,2
FRA10AC1,2
FRG1,2
FRMD4B,2
FRMD5,2
PRDX6,2
LCLAT1,2
PPTC7,2
PRDX3,2
LIPA,2
ATP5PD,2
LGALS3BP,2
LGMN,2
LIN28B,2
FNBP4,2
FNIP1,2
FNTA,2
FNTB,2
STK11IP,2
FMN1,2
FMNL2,2
FN3KRP,2
STAT5B,2
STEAP2,2
STEAP4,2
STK10,2
STAMBP,2
STARD3,2
PRKAR1A,2
PRKCG,2
PRKCSH,2
PRMT6,2
PRIM2,2
PRIMPOL,2
PRKAB2,2
PRKACA,2
CCNH,2
CCNL1,2
CCNL2,2
PREX2,2
LDB2,2
CCND1,2
SSRP1,2
STAG1,2
SRSF7,2
SRSF9,2
SS18L1,2
CLCN6,2
SRM,2
SRP9,2
SRSF1,2
SRSF11,2
SRSF4,2
SRSF6,2
GAB1,2
CKB,2
CKMT2,2
CLCN5,2
LAMA4,2
LAMP1,2
LAMTOR2,2
LAMTOR3,2
KYAT3,2
L3HYPDH,2
LACTB,2
PRTFDC1,2
PSIP1,2
PSMA7,2
PRPF38A,2
PRPS1L1,2
PRPSAP1,2
PRR11,2
PRR12,2
PRR14L,2
PRR3,2
SRI,2
FSD1L,2
SPTB,2
SRD5A3,2
SREK1,2
SPINDOC,2
SPRTN,2
SPRY4,2
GAMT,2
GANAB,2
GABPB1,2
GALNT2,2
GALNT3,2
CLIC2,2
CLIC3,2
CLIC5,2
CLIC6,2
CLK2,2
SP3,2
SPAG5,2
SPART,2
SPAST,2
SPATS2,2
ANKS1A,2
ANP32A,2
ANP32B,2
SP1,2
SP2,2
KRT4,2
KRT78,2
KMT5C,2
KPNA5,2
KRAS,2
KRI1,2
KRT16,2
ASTN1,2
ATAD3B,2
ATAD5,2
ATF6B,2
LARP7,2
PSMB8,2
PSMC3,2
ANKRD12,2
ANKRD13A,2
ANKRD40,2
SNX30,2
SNX7,2
SORL1,2
SOS1,2
SOWAHC,2
SNX12,2
SNX16,2
SNX2,2
GDI1,2
GDPD3,2
KIF5C,2
KIT,2
KLHL12,2
PSTPIP2,2
PTAR1,2
PTCD2,2
PSME3,2
PSME3IP1,2
PSMG2,2
PSMD8,2
GATD3B,2
GBE1,2
GCLM,2
GCOM2,2
SNUPN,2
SNX1,2
GATD3A,2
SMYD5,2
SNAPC3,2
SNRPD3,2
GK5,2
GLDC,2
SMYD4,2
GIGYF1,2
GIMAP2,2
GINS1,2
GK3P,2
SMARCB1,2
SMG5,2
SMG7,2
GET4,2
GFPT2,2
AP4M1,2
AP5B1,2
AP5M1,2
SLMAP,2
SLU7,2
SLX4,2
SMARCAL1,2
GNA15,2
GNAO1,2
AP1S2,2
CDC42EP4,2
PTPRM,2
PTS,2
PUS7L,2
PWP1,2
CDC42BPG,2
PTPN14,2
PTPN9,2
PTGR2,2
GLRX3,2
GLUD2,2
GMPPA,2
GMPR,2
GNA11,2
ANXA8,2
ANXA9,2
AP1M1,2
SLC9A1,2
SLC9A3R1,2
SLC7A1,2
RAB27B,2
KCTD5,2
KCTD9,2
RAB14,2
RAB18,2
RAB1A,2
RAB21,2
RAB22A,2
RAB23,2
PYROXD1,2
QKI,2
RAB12,2
KIAA2013,2
KIF18B,2
KIF1C,2
SLC39A10,2
SLC44A2,2
SLC45A4,2
SLC4A1AP,2
SLC6A11,2
SLC26A2,2
CHST11,2
CHST14,2
SLC25A24,2
CHMP3,2
CHPF2,2
ARPC4,2
ARVCF,2
AS3MT,2
RAB3D,2
RAB3IL1,2
ARMCX3,2
ARNT2,2
CDC37,2
RAB30,2
KDM4A,2
KDM8,2
GOLM1,2
GON4L,2
GOPC,2
SLC25A1,2
SLC25A11,2
SLC25A19,2
SLC12A9,2
SLC15A4,2
SLC19A1,2
SLC1A4,2
GPNMB,2
GPR17,2
SIRT7,2
SLAIN2,2
GPATCH2,2
GPC4,2
GPI,2
GPN1,2
CISD2,2
CISD3,2
GOT1,2
GPAA1,2
GPAT3,2
GPAT4,2
SIPA1L1,2
CIAO3,2
CIP2A,2
SHOC2,2
SHPK,2
SIK3,2
SIL1,2
SIPA1,2
KAT14,2
KAT2B,2
KAT8,2
KBTBD6,2
IVD,2
JADE2,2
JPH1,2
RABEP1,2
RABL2B,2
RAB4B,2
RAB5C,2
RAB8A,2
SH2B1,2
SH3BP1,2
SH3BP5L,2
SH3GLB1,2
SFN,2
SFSWAP,2
SFXN3,2
SETD1B,2
SETD3,2
SF3A1,2
SFMBT1,2
GSTM2,2
SERPINB7,2
SERPINF2,2
IRS2,2
ISCA2,2
IST1,2
RAPH1,2
CDKL1,2
RAD54L2,2
RAD9A,2
RALGAPA2,2
RAN,2
RANBP1,2
RAD23B,2
GRAMD1B,2
GRK3,2
GRK6,2
GRPEL1,2
GSDME,2
GSTM1,2
SERGEF,2
SERPINB2,2
GPRIN1,2
SENP5,2
SENP6,2
SEPTIN5,2
HACE1,2
HADH,2
SECISBP2L,2
SEL1L,2
SELENBP1,2
SEMA3B,2
IPP,2
IRAK1,2
IRAK4,2
IRF4,2
IRF9,2
RBBP9,2
RBFA,2
RBM15B,2
ARHGEF11,2
ARHGEF6,2
RBBP6,2
ITGB3,2
GTF2H4,2
GTF3A,2
GTPBP3,2
GTSE1,2
GUK1,2
H3C1,2
GTF2A2,2
GTF2B,2
GTF2H3,2
SCUBE3,2
SDF2L1,2
SEC22A,2
APOBEC3D,2
APOBEC3G,2
ARAF,2
APBA2,2
APEH,2
APOBEC3A,2
APOBEC3C,2
SBDS,2
SBNO2,2
SCAI,2
SCAPER,2
CFAP20,2
CFAP97,2
CGAS,2
CGGBP1,2
CGN,2
HAUS1,2
HAUS5,2
HDAC4,2
HDAC8,2
RBM5,2
RBM8A,2
IL6ST,2
ILF2,2
IMPA2,2
ARMC5,2
RBM19,2
RBM26,2
RBM34,2
RBM45,2
ARL15,2
ARL2BP,2
ARL5A,2
ARL6IP1,2
CDK17,2
CDK19,2
CDK2AP1,2
CDK9,2
RFFL,2
CEP350,2
CEP76,2
CEP85,2
RCOR3,2
RDX,2
RELB,2
RENBP,2
INVS,2
RBMS2,2
RBMS3,2
RCCD1,2
INO80B,2
INPP4A,2
INTS12,2
INTS8,2
SAMD9L,2
SAP18,2
HASPIN,2
SACM1L,2
S100A14,2
HDX,2
HECW1,2
RTN4IP1,2
RTRAF,2
CHDH,2
CHIC2,2
HDHD3,2
RRAGD,2
RRP1,2
RRP36,2
RRP8,2
RSBN1,2
HMGB1,2
HMGB2,2
HMGB3,2
RRAGB,2
RRAGC,2
HLA-B,2
HM13,2
RIOK3,2
RIOX1,2
RIOX2,2
RIPOR2,2
RMC1,2
RHOG,2
RILPL1,2
RIN2,2
RFLNB,2
RFWD3,2
IFIT2,2
IFNGR1,2
IFT140,2
IGFBP3,2
HGS,2
HIBADH,2
HINT1,2
HIRIP3,2
RPS4X,2
RPS4Y1,2
RPS6KA4,2
RPS6KB2,2
RPSA,2
HEXB,2
RPS21,2
RPS26,2
RPS26P11,2
ARHGAP39,2
ARHGAP5,2
RPS20,2
IDI1,2
IFIH1,2
CENPC,2
CENPJ,2
RNF169,2
ID1,2
IDH3B,2
RNF113A,2
RNF121,2
RNF123,2
RNF13,2
RNF135,2
RMND1,2
RMND5B,2
HNRNPA0,2
HNRNPA1,2
HNRNPA1L2,2
HNRNPA2B1,2
HNRNPAB,2
HNRNPD,2
ARFGEF3,2
ARHGAP11A,2
ARHGAP26,2
ARF4,2
ARF6,2
ARFGAP2,2
HTATIP2,2
IBA57,2
RPP25,2
RPP40,2
RPRD1B,2
RPS15A,2
RPL14,2
RPL18,2
RPL23,2
RPL24,2
RPL27A,2
RP9,2
RPA3,2
RPL10L,2
RNF220,2
RNF34,2
RNF41,2
RNF7,2
CENPO,2
CENPW,2
CEP170,2
RNF20,2
HSP90AB3P,2
HSP90B1,2
HSPA12A,2
HPS6,2
HS2ST1,2
HSD17B12,2
HSDL1,2
HSF1,2
HSF5,2
RPL8,2
RPL9,2
RPLP0P6,2
RPLP1,2
RPN1,2
RPN2,2
RPL32,2
RPL37,2
RPL37AP8,2
ABL1,2
ABRAXAS1,2
ZNF532,2
ZNF574,2
ZNF587,2
CTDSP1,2
ZNF506,2
CTAGE1,2
CTC1,2
ACBD3,2
ZNF600,2
ZNF611,2
ZNF616,2
ZNF624,2
ZNRD2,2
ZNRF1,2
ABTB2,2
ACAA2,2
ZNF800,2
ZNF813,2
ABCC11,1
ZNF8,1
ZNF816,1
ZNF830,1
ZNF833P,1
ZNF860,1
ZNF880,1
ZNF888,1
ZNHIT1,1
ZNHIT2,1
ZNHIT3,1
ZNF646,1
ZNF654,1
ZNF672,1
ZNF677,1
C5orf22,1
ZNF287,1
ZNF296,1
ZNF319,1
ZNF331,1
ZNF347,1
ZNF362,1
ZNF397,1
NDUFA7,1
NDUFA8,1
NDUFAB1,1
NDUFAF4,1
NAT14,1
NATD1,1
NBN,1
C3orf84,1
CADPS,1
NCL,1
NCOA2,1
NCOA5,1
NCOA6,1
NDUFA2,1
NDUFA4,1
NDUFA5,1
ZNF277,1
ZNF280A,1
ZNF280B,1
ZNF283,1
CABLES2,1
CACTIN,1
CACUL1,1
CADM1,1
RPL13A,1
RPL15,1
RPL22,1
HSPA7,1
RPP14,1
RPS16,1
RPS17,1
RPS19BP1,1
RNF8,1
RNFT1,1
RNLS,1
RPAP2,1
RPF1,1
RPF2,1
RPIA,1
RPL10A,1
HSP90AB2P,1
HSPA5,1
HSPA6,1
CENPK,1
CENPM,1
CENPU,1
CEP128,1
RNF25,1
RPL3L,1
RPL6,1
RPL7,1
RPL7L1,1
HSD17B11,1
HSD17B8,1
HSP90AA4P,1
HSP90AA5P,1
CELSR2,1
CENPH,1
CENPI,1
HPCA,1
HPCAL1,1
HPDL,1
ARHGAP42,1
ARHGDIB,1
RNF126,1
RNF138,1
RNF149,1
RNF157,1
RNF167,1
RNF168,1
RNF175,1
CELSR1,1
HOOK2,1
RNASE7,1
RNASEH1,1
RNASEH2B,1
RNASEH2C,1
RNASEL,1
RNASET2,1
RNF113B,1
ARF1,1
ARF5,1
ARHGAP1,1
ARHGAP10,1
ARHGAP21,1
ARHGAP23,1
HNMT,1
HNRNPH3,1
RIDA,1
RINT1,1
RIOK1,1
RIOK2,1
RLF,1
HLA-C,1
HLA-DQB1,1
HLA-DRB1,1
IL18R1,1
IL1B,1
IL1RAP,1
IL2,1
RFT1,1
RFXAP,1
RHOBTB3,1
RHOJ,1
HINT2,1
HINT3,1
HIVEP2,1
IGF2BP1,1
IGFBP7,1
IGHMBP2,1
IK,1
IKZF5,1
RPS23,1
RPS27,1
RPS27L,1
RPS28,1
RPS29,1
RPS4Y2,1
HGD,1
HID1,1
S100A2,1
S100A3,1
S100A8,1
S100PBP,1
SAC3D1,1
SALL3,1
SAMD1,1
SAMD4A,1
HELB,1
HERC3,1
HERC5,1
RUSF1,1
RXRG,1
RYR3,1
S100A10,1
S100A11,1
RSPRY1,1
RUBCN,1
CHAC2,1
CHEK1,1
HEATR6,1
HEBP1,1
HECW2,1
HEG1,1
HLA-DRB5,1
HLA-H,1
HLCS,1
HMGB1P1,1
RPUSD4,1
RRAGA,1
RRAS,1
RRS1,1
ARIH2,1
ARL2,1
ARL3,1
ARL5B,1
ARMC10,1
RBM17,1
RBM20,1
RBM33,1
REPS1,1
RETREG2,1
REXO1,1
REXO4,1
CEP44,1
CDK2,1
CDK2AP2,1
CDK7,1
INTS6L,1
IPMK,1
RBMXL1,1
RBSN,1
RBX1,1
REEP5,1
REL,1
RELL1,1
SAMD4B,1
SAP30,1
SAR1B,1
SARNP,1
HAGHL,1
INPP1,1
INPP4B,1
INPP5A,1
SDHAF3,1
SDHB,1
SEC61B,1
GSTP1,1
GTF2E2,1
GTF2F1,1
GTF2F2,1
GTF2H2,1
AP5Z1,1
APEX2,1
APOBEC3F,1
APOBR,1
APOH,1
APOOL,1
AQP3,1
SDHAF2,1
CGNL1,1
SASS6,1
SATB1,1
SAV1,1
SBF2,1
SC5D,1
SCD5,1
SCLY,1
RBM46,1
RBM48,1
ILRUN,1
HAUS4,1
HCCS,1
HDAC10,1
HDDC2,1
CFI,1
HABP4,1
SEMA4B,1
SEMA5A,1
SENP3,1
SENP8,1
SEPSECS,1
SERPINB4,1
SERPINB5,1
RBBP8,1
RBL1,1
ARHGEF35,1
ARHGEF5,1
IPO13,1
IREB2,1
IRF5,1
HAAO,1
ITGB5,1
ITPK1,1
ITPKA,1
ITPKB,1
RASSF5,1
RASSF7,1
RAVER2,1
RBAK,1
GTF2H2C,1
H3-3A,1
H3C15,1
ISY1,1
ITGA5,1
ITGA7,1
ITGAM,1
ITGB1,1
ISG15,1
ISG20L2,1
GSTM5,1
SERPINC1,1
SERPINH1,1
SESN2,1
SETD1A,1
SETD2,1
RAPGEF6,1
CDKL2,1
CDKL3,1
CDKL5,1
CDKN2C,1
CDS1,1
CDYL2,1
CEACAM5,1
RAD51,1
RAD51B,1
RAD51C,1
RAD54B,1
RAP1A,1
RAP2B,1
RAP2C,1
RAPGEF2,1
GPRC5A,1
GPT,1
GPX2,1
GPX8,1
GRIPAP1,1
KCNH3,1
KCNJ16,1
RAD18,1
JADE3,1
JMJD6,1
KANSL1,1
KANSL2,1
KAT6B,1
KATNBL1,1
KBTBD11,1
KBTBD7,1
RAB9A,1
RABAC1,1
RABEP2,1
RABGGTB,1
RABIF,1
RABL2A,1
RABL3,1
ITPRIP,1
SGO2,1
SGPL1,1
SHB,1
SHC4,1
ASPHD2,1
RAB4A,1
RAB5A,1
RAB7A,1
SETD7,1
SF3A2,1
SF3B5,1
SFMBT2,1
SFPQ,1
SFXN1,1
SFXN4,1
SGK3,1
GNPTAB,1
GNPTG,1
GOLGA5,1
GOLGA7,1
GOLGA7B,1
GOLPH3L,1
GON7,1
GOSR1,1
SLC12A2,1
SLC12A7,1
SLC17A5,1
SLC1A1,1
SLC1A3,1
SLC22A18,1
SLC22A4,1
SLC22A5,1
CISD1,1
GPAM,1
GPATCH1,1
GPC1,1
GPC6,1
GPKOW,1
SIVA1,1
SKA2,1
SHKBP1,1
SIAH2,1
SIDT2,1
CHTF8,1
CIAO2B,1
CIC,1
CILP2,1
CIR1,1
CHMP5,1
CHMP6,1
CHRAC1,1
CHST12,1
CHST13,1
CHSY1,1
SLC25A28,1
SLC25A33,1
ARPC2,1
ARPC3,1
ARV1,1
ASB6,1
ASPHD1,1
GOSR2,1
CHM,1
CHMP1A,1
RAB2A,1
RAB32,1
RAB35,1
RAB3A,1
RAB3B,1
RAB43,1
ARMC9,1
ARMH3,1
KDELR1,1
KDELR2,1
KDM4B,1
KDR,1
CD9,1
CDC20,1
CDC34,1
CDC37L1,1
KCTD10,1
KCTD12,1
KCTD18,1
SLC6A13,1
SLC6A15,1
SLC6A17,1
SLC6A2,1
SLC6A3,1
QSER1,1
R3HDM4,1
RAB10,1
RAB13,1
RAB17,1
RAB20,1
RAB28,1
KCNK1,1
SLC39A13,1
SLC6A12,1
KHDC4,1
KIAA0754,1
KIF13A,1
KIF14,1
PWWP2B,1
QRICH1,1
SLC27A6,1
SLC2A12,1
SLC30A1,1
SLC30A7,1
SLC30A9,1
SLC31A1,1
SLC38A1,1
SLC38A7,1
PTPA,1
PTPMT1,1
PTPN13,1
PTPN2,1
PTPRJ,1
PURA,1
PUS10,1
PUSL1,1
KLHL15,1
KLHL21,1
KLHL22,1
KLHL4,1
KLHL42,1
KLHL9,1
PTGR1,1
PTK6,1
ANXA5,1
ANXA8L1,1
AP1S1,1
GLIPR2,1
GLMN,1
GLRX5,1
GLS2,1
GLTP,1
SLC6A6,1
SLC6A8,1
SLC7A5,1
SLC7A6OS,1
SLCO1B1,1
SLFN12L,1
ANXA10,1
ANXA3,1
SMYD2,1
SNAI2,1
SNAP23,1
SNF8,1
SNRNP70,1
SNRPC,1
SNRPE,1
SNRPF,1
GID8,1
GINM1,1
GIPC1,1
GJA1,1
GLA,1
SMG9,1
SMNDC1,1
SMUG1,1
GNG12,1
GNPDA1,1
GNPDA2,1
AP3S1,1
SLIRP,1
GET3,1
GGA2,1
GGACT,1
CDC42EP2,1
CDC42EP3,1
CDC5L,1
CDC73,1
CDCA8,1
CDH3,1
CDK1,1
GNAQ,1
KIN,1
KLHDC2,1
KLHDC3,1
KLHDC7A,1
KLHL11,1
GCSH,1
GDA,1
GDE1,1
PSMF1,1
PSMG4,1
PSPH,1
PTCD1,1
PTGES,1
KIF22,1
KIF2B,1
KIF5A,1
ATG3,1
ATG4C,1
ATL3,1
ATN1,1
ATOX1,1
PSMD7,1
PSME1,1
PSME2,1
SNU13,1
SNW1,1
GATC,1
GBP2,1
GBP4,1
GBP7,1
GCC1,1
KRT83,1
ATG12,1
ATG14,1
KMT2E,1
KRT2,1
KRT20,1
KRT73,1
KRT74,1
KRT75,1
PSMB2,1
PSMB3,1
PSMB5,1
PSMD10,1
PSMD14,1
ASTE1,1
ATF6,1
ATG101,1
SNX33,1
SNX5,1
SOX10,1
SOX2,1
ANKRD10,1
ANKRD16,1
ANKRD39,1
ANKRD46,1
GDPD1,1
GDPGP1,1
GEMIN6,1
GEMIN7,1
GEMIN8,1
GEN1,1
SNX25,1
SNX29,1
SPRYD3,1
SPRYD4,1
SPSB3,1
SPTBN4,1
SPTLC3,1
SPTY2D1,1
SRFBP1,1
SRGAP1,1
GALT,1
GANC,1
GAR1,1
GAS2L1,1
GAS2L3,1
GATAD1,1
SPPL3,1
SPRY3,1
SPC25,1
SPEN,1
CLIP2,1
CLK4,1
CLN5,1
CLNS1A,1
GADD45GIP1,1
GALNT6,1
KRT76,1
KRT81,1
ANKZF1,1
ANPEP,1
SOX9,1
SP4,1
SPAG7,1
SPARC,1
CKAP4,1
SRRM1,1
SRXN1,1
SSBP2,1
SSBP3,1
SSBP4,1
SSH2,1
SSPOP,1
LAD1,1
LAGE3,1
LAMC2,1
LAMP2,1
LAMTOR5,1
G3BP1,1
G3BP2,1
GABARAPL2,1
PSD3,1
PSEN2,1
PSMB1,1
PSMB10,1
KRT86,1
KRT87P,1
KTI12,1
L1RE1,1
FRMD8P1,1
FRS2,1
FRY,1
FUCA1,1
FURIN,1
FZD2,1
PRSS22,1
PRXL2B,1
STAM2,1
STAMBPL1,1
STAP2,1
STARD4,1
STARD7,1
STAT4,1
STAT5A,1
STC2,1
PRIM1,1
PRKAA2,1
PRKACG,1
PRKAR1B,1
PRKD1,1
PRKD3,1
PRNP,1
STAM,1
CCNB2,1
CCND3,1
CCNDBP1,1
CCNT1,1
CCP110,1
CCS,1
PRICKLE1,1
PRICKLE2,1
SSU72,1
ST13,1
ST13P4,1
ST3GAL1,1
ST3GAL2,1
LDHAL6A,1
LDHC,1
CCN2,1
PRAME,1
PRDX1,1
LATS1,1
LATS2,1
LBR,1
LCMT2,1
LCN2,1
LCOR,1
LIPT1,1
ATP5F1EP2,1
ATP5PB,1
ATP5PO,1
ATP6V1G1,1
PPP5D1,1
PQBP1,1
PRAG1,1
FOXK2,1
LEPROT,1
LGALS3,1
LGALS9,1
LGALS9B,1
LGALS9C,1
LIN7C,1
LINC00612,1
STIM1,1
STK11,1
STK16,1
FLYWCH2,1
FN3K,1
FOCAD,1
FOLR1,1
FOSL1,1
ALG1L2,1
ALG3,1
ALG6,1
ALKBH1,1
ALKBH2,1
ALKBH3,1
ALOX5,1
AMACR,1
STX8,1
STXBP1,1
STXBP6,1
STYX,1
SULT1A2,1
SULT1A4,1
ALG12,1
ALG1L,1
STK4,1
STOML2,1
STON2,1
STT3B,1
STX10,1
STX18,1
STX2,1
STX7,1
FOXM1,1
FRK,1
FRMD4A,1
STK17A,1
STK17B,1
STK35,1
STK36,1
STK38,1
LYPLAL1,1
PPIAL4G,1
PPIB,1
PPIL1,1
PPIL3,1
PPIP5K1,1
PPM1B,1
PPP1R14B,1
ATP11C,1
ATP1B1,1
ATP5F1C,1
ATP5F1E,1
CD151,1
CD2BP2,1
CD59,1
LTV1,1
LRP1B,1
LRP8,1
PPP1R37,1
PPP1R3G,1
PPP2R2D,1
PPP2R5A,1
PPP3CC,1
PPP3R1,1
AMDHD2,1
FGD2,1
FGD4,1
FKBP9P1,1
LMTK2,1
LPIN2,1
LRIG1,1
LRP10,1
FDPS,1
FEM1B,1
FEM1C,1
SYTL4,1
TAB1,1
TAB2,1
TADA1,1
TADA2A,1
CNIH3,1
CNNM2,1
CNNM3,1
FBXO22,1
FBXO44,1
FBXO46,1
FBXO6,1
FCGBP,1
FLT3,1
FLT4,1
AMIGO2,1
AMMECR1L,1
AMZ2,1
SURF1,1
SURF4,1
SWSAP1,1
LLPH,1
LMAN2L,1
LMNB1,1
LMNB2,1
LMO4,1
FKRP,1
FLCN,1
FLOT2,1
LSM2,1
FBN3,1
FBXL15,1
FBXL4,1
FBXO10,1
FBXO17,1
FBXO2,1
CLSPN,1
POU3F3,1
POU3F4,1
POU5F1B,1
POU6F1,1
LRRC8A,1
LRRC8B,1
LRRC8E,1
LSM12,1
TAP1,1
PON1,1
POP4,1
POP7,1
POT1,1
POTEE,1
POTEF,1
POU3F1,1
TADA3,1
TAF1L,1
TAF3,1
TAF6L,1
TAF8,1
TAFA3,1
TALDO1,1
TANK,1
POLR2F,1
POLR2H,1
POLR2J,1
POLR3F,1
POMT2,1
POMZP3,1
FAM83G,1
FAM86B1,1
POGK,1
POLD4,1
POLDIP2,1
POLE3,1
POLL,1
POLR1C,1
POLR1D,1
POLR2E,1
FAM210B,1
FAM234B,1
FAM83A,1
MAGEA3,1
MAGEA4,1
MAGEA6,1
MAGOHB,1
POFUT2,1
TBC1D31,1
TBC1D7,1
TBCA,1
TBCC,1
TBPL2,1
TCAF1,1
FAM186A,1
FAM204A,1
MAFA,1
MAFB,1
MAFG,1
MAFK,1
MAGEA12,1
MAGEA2,1
TEAD3,1
TEC,1
BACH1,1
PLXND1,1
PNN,1
LYRM7,1
LYST,1
LZTS2,1
MAD2L1,1
MAF,1
TDRKH,1
AKR7A2,1
AKR7L,1
ALDH3A1,1
ALDOB,1
B3GALT6,1
B3GNT8,1
B4GALT4,1
FAM86B2,1
FAM86C1P,1
FAN1,1
FANCB,1
FAR2,1
TCEA3,1
TCF7L1,1
TCP11L1,1
TFB2M,1
TFPI,1
TGFB2,1
TGFBI,1
TGFBRAP1,1
TGS1,1
THBD,1
THEM4,1
FAM114A2,1
FAM118B,1
FAM122A,1
FAM136A,1
FAM160A1,1
FAM160B2,1
FAM171A1,1
TFAP4,1
EYA4,1
F2R,1
FAAH,1
FABP5P3,1
FADD,1
FADS3,1
FAHD2A,1
FAHD2B,1
TECR,1
TEFM,1
TENM3,1
TENT2,1
TERF2IP,1
TET2,1
TEX15,1
TF,1
PKNOX1,1
PKP4,1
PLBD2,1
PLCB2,1
PLCXD1,1
PLD2,1
PLEK2,1
PLEKHA3,1
ATPAF2,1
ATXN2L,1
ATXN7L3B,1
AURKA,1
AXIN1,1
PITX1,1
PKD2,1
PKN3,1
PLEKHH3,1
PLG,1
PLIN2,1
PLPP6,1
PLSCR3,1
PLSCR4,1
PLXNA1,1
PLXNA2,1
THG1L,1
THTPA,1
THUMPD2,1
ESS2,1
ETNK2,1
EVA1C,1
MAPK13,1
MAPKAP1,1
TMEM175,1
TMEM199,1
TMEM223,1
TMEM248,1
TMEM259,1
TMEM33,1
TMEM62,1
TMEM68,1
TMED7,1
TMED8,1
TMEM11,1
TMEM120A,1
TMEM120B,1
TMEM131,1
TMEM161A,1
TMEM168,1
TLR9,1
TM9SF1,1
TM9SF2,1
TM9SF4,1
TMCC3,1
TMCO6,1
TMED3,1
TMED5,1
PLEKHA6,1
MAN2A1,1
MAP9,1
TIA1,1
TICAM2,1
TIMMDC1,1
TINF2,1
TLCD3A,1
CCDC144A,1
CCDC144CP,1
CCDC186,1
ERLEC1,1
ERMP1,1
ERO1B,1
ERP29,1
ERVW-1,1
MARCHF6,1
CBX1,1
CBX2,1
CBX4,1
CBX8,1
CCDC102A,1
CCDC106,1
CCDC127,1
ERBIN,1
ERCC6,1
PIK3R2,1
PINX1,1
PIP5K1C,1
PIR,1
PITPNA,1
MAPRE1,1
TMEM87B,1
TMOD3,1
TMPRSS2,1
COL8A2,1
COLGALT2,1
COMMD10,1
COMMD6,1
COMMD8,1
PIAS3,1
PIBF1,1
PICK1,1
PIEZO1,1
PIGA,1
PIGQ,1
PIGX,1
COA7,1
BCL9,1
PHKA1,1
PHKA2,1
PHKG2,1
PHLDA2,1
PHLDA3,1
PI4K2B,1
PI4KB,1
EPHB3,1
EPHX1,1
EPS15L1,1
MCOLN1,1
BCKDK,1
BCL2L11,1
BCL3,1
BCL6,1
TMX1,1
TNFRSF21,1
TNRC18,1
TNS4,1
TOMM20,1
TOMM40,1
AIDA,1
AK4,1
CCDC71L,1
CCDC86,1
CCDC9,1
CCDC93,1
MARVELD2,1
MASTL,1
MBOAT2,1
MCL1,1
CARNMT1,1
CASC3,1
CASTOR2,1
PGRMC1,1
PHB,1
PHF19,1
BANF1,1
CCDC71,1
TPM3,1
EMC4,1
EMC6,1
EMD,1
EME1,1
ENAH,1
ENDOG,1
ENGASE,1
COG5,1
COL12A1,1
AKAP10,1
AKR1B10,1
TOP3B,1
TP53I3,1
TPH1,1
TPM2,1
TRIM34,1
TRIM5,1
TRIM65,1
TRIM8,1
TRIR,1
TRMT11,1
TRMT112,1
TRMT12,1
EIF4A1,1
EIF4E3,1
EIF4ENIF1,1
EIF4H,1
EIF5A2,1
TRIM22,1
TRIM26,1
TRIM27,1
TRAFD1,1
TRANK1,1
TRAPPC1,1
TRAPPC10,1
TRAPPC3,1
TRAPPC5,1
TRIB3,1
TRIM16L,1
EOGT,1
EPB41L4B,1
EPDR1,1
EPG5,1
EPHA1,1
TPT1,1
TRAF3,1
TRAF6,1
PDCD7,1
PDCL3,1
PDE3A,1
PDGFRA,1
PDGFRB,1
PDIA5,1
PDSS2,1
PDZRN3,1
PGBD3,1
MCRIP2,1
MED19,1
MED22,1
CARHSP1,1
MGST3,1
MICOS13,1
MICU2,1
PEX2,1
PEX26,1
PEX3,1
PFDN5,1
PFN1,1
PFN2,1
PGAM5,1
PGAP6,1
TRMT61B,1
TRPM7,1
MED6,1
MESD,1
METTL1,1
METTL17,1
PEAK1,1
PEX12,1
TTC38,1
TTC7A,1
TTF1,1
TTI1,1
TTK,1
TTR,1
TUBB1,1
EEF1AKMT2,1
EIF2AK2,1
EIF2B4,1
EIF3F,1
EIF3H,1
TTC28,1
TTC3,1
TTC30A,1
TTC33,1
TSR3,1
TST,1
COX5B,1
CPM,1
EI24,1
EIF1AD,1
EIF1AX,1
EIF1AY,1
CBR4,1
MED31,1
TSC22D1,1
TSEN15,1
TSEN34,1
TSKU,1
TSN,1
TSPO,1
MGST1,1
COPS5,1
COPS7A,1
COTL1,1
TUSC3,1
TUT1,1
TWNK,1
AGAP11,1
PCNX1,1
PCSK9,1
PCYOX1L,1
METTL9,1
MFGE8,1
MFSD6,1
MGME1,1
MGRN1,1
BMI1,1
BMP1,1
BMPR2,1
BOLA2,1
BOLA3,1
BORCS6,1
PCDHGC3,1
PCMT1,1
EEF1E1,1
EEF2KMT,1
EFHD2,1
EFNB1,1
EHD1,1
EHD2,1
EHD3,1
COPE,1
PCBD2,1
BCLAF3,1
BCS1L,1
BIN1,1
BLM,1
BLVRB,1
BLZF1,1
ECD,1
MMP14,1
MMP24OS,1
MND1,1
MOCS3,1
PAX8,1
PAX9,1
PBDC1,1
PBX4,1
EAF1,1
EAPP,1
EBNA1BP2,1
MLEC,1
MLKL,1
MLXIP,1
MMAA,1
MMADHC,1
AGAP4,1
AGAP5,1
AGAP7P,1
DYNLL2,1
DYNLT1,1
DYNLT3,1
DYRK1B,1
E2F4,1
UBN2,1
DPYSL5,1
DR1,1
DRAM2,1
DSCC1,1
DSE,1
DSG2,1
DTNA,1
UBE2J2,1
UBE2L5,1
UBE2N,1
UBE2R2,1
UBE2T,1
UBE3B,1
UBL5,1
UBL7,1
TYW1B,1
UBA52,1
UBA7,1
UBAC1,1
UBE2B,1
UBE2D1,1
UBE2D4,1
UBE2G1,1
AGFG1,1
AGPAT2,1
AGR2,1
TXNDC16,1
TXNRD3,1
TYMP,1
TYSND1,1
TYW1,1
UBQLN4,1
UBXN1,1
UCHL3,1
UCHL5,1
UFC1,1
UFSP1,1
ADCY7,1
ADGRL2,1
PAX7,1
MIGA1,1
MILR1,1
MINDY3,1
MINK1,1
MISP,1
DTX2,1
DUSP2,1
PAPOLG,1
PARD6B,1
PARVG,1
PATZ1,1
PAWR,1
PAX2,1
PAX3,1
PAX5,1
MRC1,1
MRGBP,1
MRM1,1
MRM2,1
MRPL1,1
PAH,1
PAK5,1
PANX1,1
MRPL16,1
MRPL17,1
MRPL18,1
MRPL20,1
MRPL27,1
MRPL33,1
MRPL42,1
MRPL46,1
PAFAH2,1
PAG1,1
MORF4L2,1
MOSPD1,1
MPHOSPH8,1
MPV17,1
OSTC,1
OTULINL,1
P2RY10,1
P3H1,1
P3H4,1
PABPC1L,1
PABPN1L,1
PACS1,1
PACSIN3,1
PAFAH1B2,1
DNAJC9,1
DNPH1,1
DOCK2,1
DOHH,1
DOLPP1,1
DONSON,1
MRPS2,1
OVOL1,1
BSPRY,1
NUP62,1
NYNRIN,1
OBI1,1
OBSL1,1
OGFOD2,1
OIP5,1
OMG,1
USP20,1
USP27X,1
USP31,1
MSI1,1
MSL1,1
MSR1,1
MT-ND3,1
BRIP1,1
ADPRS,1
ADSS1,1
UNC119B,1
UNC13B,1
UNC93B1,1
UQCRHL,1
UROD,1
USP11,1
MRPL54,1
MRPL58,1
MRPS14,1
MRPS16,1
DPF1,1
DPY19L3,1
ADIPOR2,1
ADNP2,1
BPGM,1
BPNT2,1
BRAF,1
BRD3,1
MRPS22,1
MRPS31,1
MRPS34,1
MRPS6,1
DNAJC3,1
NUDT11,1
NUDT3,1
NUDT5,1
NUF2,1
NUFIP2,1
NUP43,1
BORCS7,1
CRK,1
DNA2,1
DNAAF4,1
DNAJC1,1
DNAJC12,1
DNAJC14,1
DNAJC2,1
DNAJC21,1
OPA3,1
OPHN1,1
OR5AL1,1
OR6S1,1
USP36,1
USP42,1
UTP11,1
UTP14C,1
CAMK2B,1
CAMKK2,1
CAMLG,1
CAPG,1
NRP1,1
NSL1,1
NSMCE1,1
NSMCE2,1
VPS26B,1
VPS26C,1
MTIF3,1
MTMR1,1
CADPS2,1
CALCOCO1,1
CAMK1D,1
CAMK2A,1
CRABP2,1
UTY,1
UVSSA,1
VAMP7,1
VEZF1,1
VGLL1,1
VIM,1
VKORC1L1,1
MRS2,1
MSANTD3,1
DNAJC30,1
DIP2C,1
DMXL1,1
CPPED1,1
CPSF4L,1
CPTP,1
C1QBP,1
NOTCH2NLC,1
NPM1,1
NPRL3,1
NR1H2,1
NR3C2,1
NRBP1,1
MTFR1L,1
DHRS4L2,1
MUC2,1
MUL1,1
MVB12B,1
C12orf65,1
C18orf25,1
C18orf32,1
C1GALT1C1,1
ACTBL2,1
ACTC1,1
ACTL6B,1
ACTL8,1
ACY1,1
DGKQ,1
DHRS3,1
DHRS4L1,1
NSUN3,1
NT5C,1
NTAN1,1
NTMT1,1
NUDC,1
NUDCD3,1
NUDT10,1
VPS4B,1
CAPN5,1
CAPRIN1,1
CARD19,1
MTUS1,1
DESI1,1
CSNK1D,1
CSNK1E,1
CSNK2A2,1
NOP10,1
NOP16,1
BTF3,1
BUD23,1
BUD31,1
BYSL,1
C12orf4,1
C12orf45,1
WASHC3,1
WDFY2,1
DEDD,1
DEFB125,1
DENND2A,1
DENND4B,1
DENR,1
MYO5C,1
DHX58,1
ACYP2,1
ADA,1
ADAMTS6,1
VWA5A,1
WASF1,1
WASF2,1
WASHC2A,1
MYH13,1
MYH2,1
MYH3,1
MYH4,1
MYH6,1
MYH7,1
MYH7B,1
MYH8,1
NLRP3,1
NME3,1
NMI,1
NOB1,1
NOL7,1
MYADM,1
MYEF2,1
MYH1,1
WDR34,1
WDR45B,1
WDR5,1
WDR53,1
WDR61,1
WDR73,1
WDR83,1
WFDC8,1
CSNK2A3,1
CSRP3,1
DDX11L8,1
DDX12P,1
DDX27,1
WDR18,1
WDR19,1
WDR24,1
ACTA2,1
XRCC3,1
XYLT2,1
YBEY,1
YBX2,1
YDJC,1
YEATS4,1
YIPF4,1
DCTN6,1
DCTPP1,1
DDI1,1
CRTC2,1
CRY1,1
CSNK1A1L,1
ACP6,1
ACTA1,1
WTAP,1
WTIP,1
WWTR1,1
XAF1,1
ACCS,1
ACOT4,1
ACOT7L,1
DCP2,1
MYL12A,1
MYL12B,1
MYL6B,1
MYL9,1
MYO1A,1
WNK3,1
WRAP73,1
WRN,1
DAGLB,1
DAPK3,1
DBR1,1
DCAF8L1,1
DCAF8L2,1
DCAKD,1
YRDC,1
YTHDF1,1
NIPSNAP3A,1
NKAP,1
NKIRAS2,1
NLK,1
NLRP1,1
CZIB,1
DAB2,1
DAG1,1
NAGA,1
NAT1,1
NFE2,1
NFE2L3,1
NFKBIE,1
NHEJ1,1
NHP2,1
NIPSNAP1,1
YKT6,1
CYP2S1,1
CYP4F12,1
NAA20,1
NAA35,1
NAA40,1
NAA60,1
NACC2,1
NEFL,1
NEK2,1
NEU1,1
MYZAP,1
MZT1,1
N4BP1,1
ZC3H4,1
ZC3H6,1
C9orf78,1
C9orf85,1
CA5B,1
NDUFB7,1
NDUFS6,1
NDUFV2,1
NECAP1,1
NEFH,1
ZBTB5,1
ZBTB9,1
ZC2HC1A,1
C5orf24,1
C7orf50,1
C8orf37,1
C9orf43,1
C9orf72,1
YTHDF3,1
YY1,1
ZBED9,1
ZBTB11,1
ZBTB2,1
ZBTB24,1
ZBTB4,1
ZBTB41,1
ZNF148,1
ZNF160,1
ZNF207,1
ZNF22,1
ZNF239,1
ZNF24,1
ZNF267,1
ZNF276,1
ZFYVE21,1
ZHX3,1
ZKSCAN5,1
ZMYM1,1
ZMYM6,1
ZNF131,1
ZNF136,1
ZNF142,1
CTNNAL1,1
CTSZ,1
CTTNBP2,1
CUL5,1
CWC27,1
CXXC4,1
CYB5R1,1
ZFYVE1,1
ZCCHC7,1
ZCRB1,1
ZDHHC21,1
ZFHX4,1
ZFP30,1
ZFP36L2,1
ZFP41,1
ZFP82,1
ZNF771,1
ZNF770,1
ZNF768,1
ABCD2,1
AASDHPPT,1
AAR2,1
ABCC2,1
ZNF689,1
CT45A1,1
CT45A10,1
CT45A2,1
CT45A3,1
ZNF702P,1
ZNF704,1
ABCB10,1
ABCA3,1
ZNF490,1
ZRANB1,1
ZSCAN21,1
ZSCAN31,1
ZSWIM9,1
ZUP1,1
CST3,1
CSTF1,1
ZNF407,1
ZNF408,1
ZNF414,1
ZNF428,1
ZNF445,1
ZNF467,1
ZNF469,1
ZNF480,1
ABHD5,1
ABI1,1
ABITRAM,1
ABRACL,1
ZNF776,1
RPL28,1
RPL35A,1
RPL36,1
ZNF524,1
ZNF525,1
ZNF528,1
ZNF564,1
ZNF571,1
ABHD13,1
ABHD17B,1
ABHD17C,1
CT45A7,1
CT45A8,1
CT45A9,1
CTBS,1
ZNF501,1
ZNF502,1
ZNF511,1
ZNF521,1
ZNF695,1
ZNF696,1
ZNF699,1
ABCB11,1
CA9,1
CAB39L,1
CT45A5,1
CT45A6,1
